Rank,Channel Name,Subscribers,Views,Country
1,MrBeast,476000000,1.17242E+11,United States
2,Cocomelon - Nursery Rhymes,200000000,2.19898E+11,United States
3,Vlad and Niki,149000000,1.20293E+11,United States
4,✿ Kids Diana Show,138000000,1.23698E+11,United States
5,Stokes Twins,138000000,29586430358,United States
6,Like Nastya,132000000,1.20053E+11,United States
7,Alan's Universe,100000000,60715936253,United States
8,A4,92700000,37214205773,United States
9,Topper Guild,86700000,31015966579,United States
10,Baby Shark - Pinkfong Kids’ Songs & Stories,84400000,54913135739,United States
11,Toys and Colors,82300000,1.17426E+11,United States
12,5-Minute Crafts,80800000,28468609365,United States
13,Mark Rober,74800000,16263106942,United States
14,Zhong,69400000,23336142094,United States
15,Movieclips,66000000,69120335053,United States
16,LooLoo Kids - Nursery Rhymes and Children's Songs,61900000,40603443431,United States
17,Dude Perfect,61900000,20387712183,United States
18,Marshmello,58500000,17743119735,United States
19,Billie Eilish,57900000,22135482158,United States
20,Billion Surprise Toys,57900000,14930613927,United States
21,MrBeast 2,56800000,10215348941,United States
22,MrBeast Gaming,55300000,10568504656,United States
23,Masha and The Bear,54800000,35970929797,United States
24,IShowSpeed,52200000,7701092446,United States
25,Maria Clara & JP,50200000,35181301851,United States
26,Genevieve's Playhouse - Learning Videos for Kids,49700000,41211024071,United States
27,Ben Azelart,49300000,12456511946,United States
28,skibidi,47100000,20328965356,United States
29,Katy Perry,46800000,29762032432,United States
30,Vlad và Niki,45200000,28892672616,United States
31,YouTube,45100000,1268283877,United States
32,★ Kids Roma Show,44700000,21141151103,United States
33,Like Nastya Show,44400000,22145599279,United States
34,MaviGadget,44200000,55346967727,United States
35,BabyBus - Kids Songs and Cartoons,43500000,35215431443,United States
36,Like Nastya ESP,43500000,22937123291,United States
37,LeoNata Family,43400000,50092094794,United States
38,XXXTENTACION,43000000,12458074379,United States
39,Zach King,42900000,22784966230,United States
40,LankyBox,42000000,38913386930,United States
41,Brent Rivera,42000000,12797251782,United States
42,Little Baby Bum - Nursery Rhymes & Kids Songs,41700000,43896353107,United States
43,Daddy Yankee,41300000,27795757083,United States
44,Marta and Rustam,40800000,41495102049,United States
45,Diana and Roma ESP,40700000,17997194777,United States
46,Mr DegrEE,40400000,43280809976,United States
47,Ryan's World,40300000,63282641570,United States
48,NichLmao,39900000,19803289042,United States
49,Jesser,39600000,10681810659,United States
50,DisneyMusicVEVO,39000000,43581126787,United States
51,Prime Video India,38900000,16655726145,United States
52,Markiplier,38600000,23413433231,United States
53,व्लाद और निकिता,38500000,22220722306,United States
54,Maroon 5,38000000,27683851774,United States
55,TheEllenShow,38000000,23760526323,United States
56,Vlad and Niki IDN,38000000,20077749666,United States
57,That Little Puff,37800000,35152273775,United States
58,Lucas and Marcus,37100000,17252578446,United States
59,D Billions,36800000,53389420282,United States
60,Beast Reacts,36500000,6799436479,United States
61,Nick DiGiovanni,36200000,17422662636,United States
62,Masters Of Prophecy,36000000,307432696,United States
63,Bebefinn - Nursery Rhymes & Kids Songs,35700000,22429784245,United States
64,Danny Fitt,35700000,17623150546,United States
65,Cool Items Official,35400000,43649464207,United States
66,Yoeslan,35300000,36837398709,United States
67,Nick Jr.,35200000,29362114391,United States
68,Jordan Matter,35100000,13865856118,United States
69,SSSniperWolf,35000000,26556652931,United States
70,J House jr.,34900000,56660140120,United States
71,Little Angel: Nursery Rhymes & Kids Songs,34700000,28838421722,United States
72,Dream,34200000,4277560443,United States
73,Justin Flom,34000000,37650885278,United States
74,The Tonight Show Starring Jimmy Fallon,33900000,19581278587,United States
75,Chapitosiki,33600000,46090010195,United States
76,DONA 도나,33600000,23545085223,United States
77,Zach Choi,33600000,14906172829,United States
78,The Royalty Family,33500000,12270967465,United States
79,Hamster Kombat,33400000,1318820550,United States
80,Talking Tom,33300000,17867815811,United States
81,ImagineDragons,33200000,22662951118,United States
82,Netflix,33100000,11036897035,United States
83,Alan Becker,32800000,9268486380,United States
84,BigSchool,32500000,14615025506,United States
85,_vector_,32400000,25092452644,United States
86,Luis Fonsi,32400000,17294937929,United States
87,7clouds,32200000,29332561365,United States
88,Vania Mania Kids,31900000,18360877157,United States
89,Preston,31900000,13207516288,United States
90,Boram Tube Vlog [보람튜브 브이로그],31800000,14328995059,United States
91,Vlad and Niki ESP,31700000,13912766239,United States
92,Game9bit,31400000,17581340255,United States
93,Kidibli (Kinder Spielzeug Kanal),31200000,17501148468,United States
94,JustinBieberVEVO,31100000,30681882684,United States
95,Filaretiki,30900000,35654180301,United States
96,Maluma,30900000,26700851167,United States
97,America's Got Talent,30900000,5531188061,United States
98,Sony AATH,30800000,24880682582,United States
99,Diana and Roma ARA,30800000,14665137574,United States
100,WB Kids,30500000,14665638252,United States
101,Wiz Khalifa,30300000,16087931276,United States
102,ViralHog,30200000,40085306898,United States
103,Trap Nation,30200000,15077538303,United States
104,Diana and Roma EN,29900000,11143950878,United States
105,Sesame Street,29700000,31170616933,United States
106,ZHC,29300000,4007076962,United States
107,Beast Philanthropy,29300000,1270091722,United States
108,Diana and Roma HIN,29100000,13667793551,United States
109,FaZe Rug,28900000,10571163994,United States
110,CRAZY GREAPA,28800000,30804598210,United States
111,Post Malone,28700000,20214549036,United States
112,SOMOY TV,28500000,20664240515,United States
113,albert_cancook,28400000,26079014580,United States
114,Like Nastya AE,28400000,14832589246,United States
115,Vlad and Niki Arabic,28400000,13719502176,United States
116,Nicki Minaj,28100000,12624369816,United States
117,David Guetta,27800000,22975942731,United States
118,NuNu Tv - Nursery Rhymes ,27800000,22523752829,United States
119,WORLDSTARHIPHOP,27700000,22146432409,United States
120,Pink Shirt Girl,27400000,15304275008,United States
121,TED,27300000,3130478487,United States
122,SMOL,27200000,28628971854,United States
123,Blippi - Educational Videos for Kids,27100000,23689808497,United States
124,Smosh,27100000,11324650859,United States
125,Disney Jr. ,27000000,31222643143,United States
126,Diana Belitskay,27000000,28061141253,United States
127,Maya and Mary,27000000,9060788525,United States
128,Dhar Mann Studios,26900000,19583623655,United States
129,MSA,26500000,12956290141,United States
130,ANYA KOVA,26400000,26180424491,United States
131,Eva Bravo Play,26400000,13942770051,United States
132,VanossGaming,26000000,16869861976,United States
133,National Geographic,26000000,6901280139,United States
134,Chloe Ting,26000000,3484342748,United States
135,Fabiosa Best Lifehacks,25900000,21023936232,United States
136,Infinite,25700000,6512769311,United States
137,Jake Fellman,25600000,18095375715,United States
138,LOL,25500000,5907220257,United States
139,SSundee,25300000,17022989644,United States
140,FGTeeV,25200000,26008253064,United States
141,TaylorSwiftVEVO,25200000,0,United States
142,Jason Vlogs,25100000,18023370775,United States
143,DJ Snake,25100000,10607605465,United States
144,Linkin Park,24800000,20940790214,United States
145,Aphmau,24700000,28902514492,United States
146,RihannaVEVO,24700000,22415173951,United States
147,NickyJamTV,24700000,18405087666,United States
148,Ninja Kidz TV,24500000,14388841795,United States
149,KatyPerryVEVO,24200000,26466792938,United States
150,CoryxKenshin,24200000,9776363912,United States
151,NBA,24000000,17626842698,United States
152,Lyrical Lemonade,24000000,13049861352,United States
153,James Charles,23900000,4741586605,United States
154,Troom Troom,23800000,10547465032,United States
155,Collins Key,23800000,7011150148,United States
156,Johny FamilyShow,23700000,12517730034,United States
157,Logan Paul,23600000,6153325942,United States
158,Ninja,23600000,2783858162,United States
159,Romeo Santos,23400000,23672336850,United States
160,XO TEAM,23200000,20434766416,United States
161,Charlie Puth,23100000,12615185007,United States
162,Tekashi 6ix9ine,23100000,7312119272,United States
163,ARGEN,23000000,17845984563,United States
164,The Chainsmokers,23000000,16916078062,United States
165,Amaury Guichon,23000000,9591102291,United States
166,LukeDidThat,22800000,10916783405,United States
167,Brianna,22800000,9238104360,United States
168,Mini Katana,22700000,17543354656,United States
169,Vlad y Niki Show,22700000,8690169681,United States
170,Ryan Trahan,22700000,5865771671,United States
171,Becky G,22500000,13664866166,United States
172,Marvel Entertainment,22500000,7129408180,United States
173,TED-Ed,22500000,4576604508,United States
174,Happy Monkey,22300000,0,United States
175,Jimmy Kimmel Live,22000000,15363599797,United States
176,Savage Vlogs,22000000,13548594318,United States
177,UFC,22000000,11216290159,United States
178,Technoblade,22000000,2081649730,United States
179,Rebecca Zamolo,21800000,10136290179,United States
180,Smile Family,21800000,9135395283,United States
181,Smile Family Spanish,21800000,8532745667,United States
182,Brave Wilderness,21800000,5439297265,United States
183,XDSchool,21700000,9313300008,United States
184,Vlad and Niki ARA,21500000,10077429183,United States
185,CookieSwirlC,21400000,8813620413,United States
186,Tasty,21300000,6306121335,United States
187,Dental Digest,21200000,13455325200,United States
188,Adam W,21000000,19259691365,United States
189,GuiGe,21000000,17817955528,United States
190,Marques Brownlee,20900000,5342422897,United States
191,Daily Dose Of Internet,20700000,17145586492,United States
192,Like Nastya Collections,20700000,11190019603,United States
193,Caylus  ,20700000,8520805048,United States
194,TheOdd1sOut,20700000,5673930627,United States
195,nigahiga,20700000,4422794279,United States
196,Farruko,20600000,12973893083,United States
197,Marusya Outdoors,20600000,9608575383,United States
198,Veritasium,20600000,4172487117,United States
199,Apple,20600000,1031587396,United States
200,SuperHero Kids,20400000,9916199746,United States
201,Glebo,20400000,5911946994,United States
202,Влад и Никита,20300000,12095508096,United States
203,Pencilmation,20300000,12020916998,United States
204,REACT,20100000,13769846400,United States
205,Ethan Funny Family,20100000,12412978094,United States
206,Kendrick Lamar,20100000,11953707306,United States
207,5-Minute Crafts DIY,20100000,5228993677,United States
208,Dr Ryan,20000000,11994505728,United States
209,Miley Cyrus,20000000,10799869820,United States
210,Eli Kids - Cartoons & Songs,20000000,8926401412,United States
211,5-Minute Crafts PLAY,20000000,6569263535,United States
212,Jojo Sim,19900000,27490821544,United States
213,IGN,19800000,21225532403,United States
214,BuzzFeedVideo,19700000,25938068659,United States
215,Unspeakable,19700000,12171556261,United States
216,Мирошка ТВ,19700000,5444957610,United States
217,Good Mythical Morning,19600000,10877482391,United States
218,The Game Theorists,19600000,4680521514,United States
219,ABC News,19500000,18108134246,United States
220,Family Games Media,19500000,16413200187,United States
221,Дима Масленников  ,19500000,3254207135,United States
222,Oflow,19500000,8094595,United States
223,Family GamesTV,19500000,0,United States
224,CNN,19400000,20356048369,United States
225,That's Amazing Shorts,19400000,7345352841,United States
226,Vlad and Niki PRT,19300000,9055373254,United States
227,Diana and Roma VNM,19300000,8089433102,United States
228,Animal HT,19300000,4856499764,United States
229,웃웃TwinsFromRussia,19200000,11071365856,United States
230,janin al chair,19100000,13572136383,United States
231,VICE,19100000,5530128423,United States
232,Crafty Panda,19000000,1605271722,United States
233,PDK Films,18900000,4381813618,United States
234,LIV Comedy,18800000,15463641589,United States
235,Bon Bon Media,18800000,12275628084,United States
236,Ray William Johnson,18700000,14846384492,United States
237,KatieAngel,18600000,4102764248,United States
238,shane,18500000,4435973187,United States
239,im_siowei,18400000,21376083063,United States
240,Fabru Blacutt,18400000,8726325428,United States
241,The Dodo,18300000,16296838027,United States
242,Diana and Roma IND,18300000,8780211406,United States
243,Airrack,18300000,4630585740,United States
244,SportsNation,18200000,26051658285,United States
245,With Kids[위드키즈],18200000,9814709461,United States
246,Demi Lovato,18200000,7952772296,United States
247,Super Max,18100000,25155936078,United States
248,MoniLina,18100000,20682946790,United States
249,JULIA GISELLA,18100000,8514965113,United States
250,The McFive Circus,18000000,14564106712,United States
251,pets swag,18000000,4624371551,United States
252,Lele Pons,17900000,5659372626,United States
253,FunFun Toy Doll TV,17800000,8056023824,United States
254,Come Play With Me,17600000,20919696423,United States
255,Pitbull,17600000,15650947946,United States
256,Jennifer Lopez,17600000,12337235766,United States
257,Lil Pump,17600000,4417711124,United States
258,House of Highlights,17500000,11656926895,United States
259,FailArmy,17500000,4895001376,United States
260,Little Treehouse Nursery Rhymes and Kids Songs,17300000,9386954594,United States
261,Sing Along With Me!,17300000,8265445166,United States
262,PrestonPlayz,17300000,8164647157,United States
263,Nico_thepomeranian,17200000,16418800907,United States
264,David Dobrik,17200000,7528891885,United States
265,Boyce Avenue,17000000,7347920485,United States
266,CrashCourse,17000000,2240798398,United States
267,PlayStation,16900000,6103728614,United States
268,Telemundo,16800000,10460100993,United States
