rank,title,subscribers,views,country,profile_picture_url
1,T-Series,311000000,3.37404E+11,India,https://yt3.ggpht.com/VunTf0NzCeboiPjbesBdnQuxaF3Lja7UGRbBGQAWRJgMSTj9TTLO3pS1X9qPOJGCNnmPrXeY=s800-c-k-c0x00ffffff-no-rj
2,SET India,189000000,1.87589E+11,India,https://yt3.ggpht.com/vmmZsYmryt238vqck4KAYf69gOSu22ZfqVE3rwT1tYz4hr68xl7crIUK7kghQgR6RiB9IlQ5mQ=s800-c-k-c0x00ffffff-no-rj
3,Zee Music Company,122000000,87386075076,India,https://yt3.ggpht.com/zGnrFUqmF6Xp2tM8ecG9sVXyHjJUrqa7GnNV_kATAdAvSwfgIg7693GURHASA7C6OPK3YmGZ=s800-c-k-c0x00ffffff-no-rj
4,Goldmines,109000000,31952402985,India,https://yt3.ggpht.com/Ls4lEH-dc1OkDysPqLKpeD5CFfUzzW4cTBTkZWAuax3npqrtFhTqC91wpfe02oSd9swnyQnb=s800-c-k-c0x00ffffff-no-rj
5,Sony SAB,105000000,1.41901E+11,India,https://yt3.ggpht.com/W6hlyHF8FP_YVLnkzBGQYtdpf0hB8pILZvQYw4jMYIqgcGeS1RBTvk9VHUXGk3mDZhhv-26o-zc=s800-c-k-c0x00ffffff-no-rj
6,ChuChu TV Nursery Rhymes & Kids Songs,98100000,59009177884,India,https://yt3.ggpht.com/9HW0sh3SxpygY7QohdMTkUfNToJHJR1M_C1UYevboxlesumkq84nMLo1RT0JI0NYb7dqv2kHUMM=s800-c-k-c0x00ffffff-no-rj
7,Zee TV,97600000,1.15338E+11,India,https://yt3.ggpht.com/azn2b7O1Xx3JXUYAQ3XqdFl3bvhrcVhumeccIFs6N-VxhrUdhachSlZFCZlM26NEdEvU06mpS2U=s800-c-k-c0x00ffffff-no-rj
8,Colors TV,82000000,1614388674,India,https://yt3.ggpht.com/mRNGkmDmxAg5ryUBU-6eC7j3vjTJ3hdztfg9u_j4b-EVp37N-3EPqeRDHjn2IB0L7nIX5TkC8A=s800-c-k-c0x00ffffff-no-rj
9,T-Series Bhakti Sagar,81900000,47027998157,India,https://yt3.ggpht.com/ytc/AIdro_lEOsOKSwfkzCB5bj1mTBIKOG7rBJmipaGnWMtcUnEF0I6J=s800-c-k-c0x00ffffff-no-rj
10,Tips Official,81100000,54991195073,India,https://yt3.ggpht.com/zSQrmF-U4JwDv9QalTMOuEEWjGDjM9LvNgahKGGks6WKhe6XEOFf2C4ErQ-1-J9o2wFrHtIw5A=s800-c-k-c0x00ffffff-no-rj
11,Aaj Tak,75000000,44972640921,India,https://yt3.ggpht.com/ytc/AIdro_m1WLxquYeEO9VgyA7-cYFrn_hd2dSaNtmL8-NIHMCQIuPQ=s800-c-k-c0x00ffffff-no-rj
12,Shemaroo Filmi Gaane,74400000,35249568256,India,https://yt3.ggpht.com/kjtZtA7VdnPHCfZ3UYqxhYF5zV7sVFoDcmA8TNHoXH6BIx8yTDllqEvICbIiws_TLws80S2L9PQ=s800-c-k-c0x00ffffff-no-rj
13,Infobells - Hindi,72200000,47564429707,India,https://yt3.ggpht.com/ytc/AIdro_mWKlOUcsnrq8oXV8BemcuyrfG52ztaqZmoDThFc1v-etg=s800-c-k-c0x00ffffff-no-rj
14,YRF,71600000,57236980935,India,https://yt3.ggpht.com/ukiLOR2xcRjb4vEfv_DvcTU-5WgGyhwL3w1jQxvTBVdMbBlrtDopxKwg8Scs66C8nFgXu-cl=s800-c-k-c0x00ffffff-no-rj
15,Sony Music India,70700000,62079624670,India,https://yt3.ggpht.com/42o3XIW1j5zmzsFeZs3ND4QwaXXrnpK9vqftcEuEdbgNhPbltXRktcSmyJ12-gSRqKch93Ir=s800-c-k-c0x00ffffff-no-rj
16,Anaya Kandhal,70400000,98620538620,India,https://yt3.ggpht.com/Wf_SW1J54YH3ZahhvU7CtF9V_IooNAVzQTkHtgxpHkfJSssWFEs_WR6qXGwieEbvLyUjdNtY=s800-c-k-c0x00ffffff-no-rj
17,Wave Music,69900000,48492863310,India,https://yt3.ggpht.com/-m-efGozwxkvoZiijhjJcLSuUxZQpXvJu9tObrAbfhrtr67AAf1V674HBB8eHixOLHrj3WBlgxI=s800-c-k-c0x00ffffff-no-rj
18,Dangal TV Channel,61500000,58276751001,India,https://yt3.ggpht.com/JIt8cyzUH7FSN5h7bnVf1eWt27cHL6USpl_lkrjx3d831K_U1YLQWvrTO5zMokSPhU1F-RRStg=s800-c-k-c0x00ffffff-no-rj
19,Saregama Music,61500000,33243932410,India,https://yt3.ggpht.com/kzVDg0rujy7laR7qjVTsa7GaiJd6WkQrSlJxDNrhzakH7681kmv7tnoF7VaDmixuYs59QuED8A=s800-c-k-c0x00ffffff-no-rj
20,Shemaroo,61500000,27883259455,India,https://yt3.ggpht.com/ytc/AIdro_mhdF4RNZM9OHP-A8BvrQO4q6BenIVFCTfjURrYjYxAxw=s800-c-k-c0x00ffffff-no-rj
21,आचार्य प्रशान्त - Acharya Prashant,60100000,5694254949,India,https://yt3.ggpht.com/bRu42aqD97lGIE1fbNdynRD0iTC00FJGfjmEldxJN5UlqiQCTcJcmscaZ4edjgchQ4QEAFEcZg=s800-c-k-c0x00ffffff-no-rj
22,JioHotstar Kids,58200000,17509036988,India,https://yt3.ggpht.com/j_JUIVTQrCUt65VCv0gzq_DESYKFn-YeG3bfguq85vJz8GFpfwUw_MIi06iIcC9pD21OZM9R=s800-c-k-c0x00ffffff-no-rj
23,StarPlus,56300000,65438499872,India,https://yt3.ggpht.com/m7R62qsqR20G_b2ejW7x3-dfxJJsS0evrwejvpyujQHlTnpPr0lET9U4hL7k3Kzhum_9i6HD0g=s800-c-k-c0x00ffffff-no-rj
24,Ishtar Music,53100000,28320012591,India,https://yt3.ggpht.com/_2stKAroIlWX3mlvvTTtrUhZHkgK9GaIlJNsBTsces6EhFTvFN9Hqt5kNJZW_FHyDBIz3JJA4g=s800-c-k-c0x00ffffff-no-rj
25,Real fools shorts official,52600000,19029625477,India,https://yt3.ggpht.com/8kllzNv_4fOg31JamUCeqxI4cwNx5NGtgmaOvq1fpmDPfwJbvx_yS45r5FRD4aRR69V2gdpe=s800-c-k-c0x00ffffff-no-rj
26,T-Series Bollywood Classics,52400000,39730428074,India,https://yt3.ggpht.com/gmC_qPleYtmSRfm2cpMMFARltMfwoCr9ZqhDe3Y9flc1kb9a5jLSFJShvhHgP0QipA5X5ZV0BQ=s800-c-k-c0x00ffffff-no-rj
27,Techno Gamerz,51100000,15623266951,India,https://yt3.ggpht.com/ytc/AIdro_mSh0doIgogNhhpzLcRYEMRorZefkBUe_6LYOWnLgzSyFc=s800-c-k-c0x00ffffff-no-rj
28,MR. INDIAN HACKER,50600000,10015169664,India,https://yt3.ggpht.com/LEbgOamka985TcXWUMeAVOzx3c0AZCyYjiiK-kb8uONftdu9yP3NPBL0Hr1-MuftF-fNKoQP=s800-c-k-c0x00ffffff-no-rj
29,IndiaTV,50400000,33703882494,India,https://yt3.ggpht.com/8VL4gMfdN2DAnnsyEHUkwxjzIIAs5DcoTeYRQLvS3ExNPu1Op0YsdhY9664A-FXNGScHRKoe=s800-c-k-c0x00ffffff-no-rj
30,ABP NEWS,50400000,26940693491,India,https://yt3.ggpht.com/cs6p1LSNJDQLhs9abvm8Sc_NT_SG5_6mHQo9ML2CtyIwOcHSDB48W4Apqjrg-LWMXRCXkv4Ai0U=s800-c-k-c0x00ffffff-no-rj
31,Dushyant kukreja,49900000,34547784871,India,https://yt3.ggpht.com/AkyD6Spy86Ovr9ZR2Tp6gTf-JNMROavNVVeXznIwx32-3cDanr7hWiqD3A6RrVVXJ5gjg-EZ=s800-c-k-c0x00ffffff-no-rj
32,Goldmines Gaane Sune Ansune,49000000,17673878975,India,https://yt3.ggpht.com/dEGXM4wDIFcuWCGSLpIzUBn8EXVMpIz1Ni5Dn0YP3u8iTsWs5U_7W2bKeTPza5BeaAI-YIYk1Ck=s800-c-k-c0x00ffffff-no-rj
33,Shorts Break,48400000,41452018209,India,https://yt3.ggpht.com/dDnG6kSxYL5QBi-Czc0-3oo8pq48VzbHC5P15D6_Om-56u7Wiq_Vy9f_w9OMBcblI0yg5AQw5Kc=s800-c-k-c0x00ffffff-no-rj
34,Speed Records,48400000,36010452141,India,https://yt3.ggpht.com/ytc/AIdro_lTIClTxbIfXAJHtzwqInxzY5h7PnvI9thZffyXeoa6xsA=s800-c-k-c0x00ffffff-no-rj
35,Ultra Bollywood,47000000,18390101919,India,https://yt3.ggpht.com/k-ttextobVe4D05OqobL_IMQNFB1I-gjyIsLS35YB7jWK4dAFcn5UE1lyqcPDFhEqWBtdkvEE4Q=s800-c-k-c0x00ffffff-no-rj
36,Priyal Kukreja,46200000,34861314297,India,https://yt3.ggpht.com/e0PQ2IE-7XkTG5mtn_l4meYBwBOyD5zGLU9faPFWml8zQACG90sE677UXziQ885AiOpZqO3d=s800-c-k-c0x00ffffff-no-rj
37,Total Gaming,45600000,5098169639,India,https://yt3.ggpht.com/ytc/AIdro_l7o9hDEiDVLvAW00YMnnYKzf4UpyJWhREfNWD3V33mBhM=s800-c-k-c0x00ffffff-no-rj
38,CarryMinati,45500000,4373877940,India,https://yt3.ggpht.com/cxE8FStJktJ2oiuv1f-7OHMfJI7ZlMby4NgPDkfJTyV3sOsvdo5pmsAb8TAcJVNor6gNT2h_0w=s800-c-k-c0x00ffffff-no-rj
39,Kids Channel India - Hindi Rhymes and Baby Songs,42200000,19632311938,India,https://yt3.ggpht.com/hZYF-Hz4YJp36GJZamItXW6PXGapw5p0nAneFgaRcTYymJLvWpXE0tF7SubIzv_rKa3HVgECN2g=s800-c-k-c0x00ffffff-no-rj
40,Zee News,42000000,30749028340,India,https://yt3.ggpht.com/TS6ObzI_MXbssyfyx0flQVm28pImVL4sJd1juAqQEiTpU9TOOV9smTFkqEUHzSy5EyEIUCwXmYI=s800-c-k-c0x00ffffff-no-rj
41,The geeta gurjar,41500000,61084517829,India,https://yt3.ggpht.com/1KD9NMGlTj84PnHuynrDqfK4UW2tJHe6NKldBRkI4Eft5_ON2kkX-QKOgDhB_AgiXr8gstGe74A=s800-c-k-c0x00ffffff-no-rj
42,WowKidz,41300000,24346650796,India,https://yt3.ggpht.com/3uOW-LJchrMU9b4UBAvyxUB_jGj8McvtxhET8pqOhCYWQWNubxeYPYzmYWi91lOaiwp3zHM=s800-c-k-c0x00ffffff-no-rj
43,Rajshri,41100000,20062426955,India,https://yt3.ggpht.com/UBBW7F1bqPsJtZk2hKj-g7Nr-t0Lt2P6OjBBLgVu_oKumf-N_ZtcVccNJCPh6op9hvVwLvP_=s800-c-k-c0x00ffffff-no-rj
44,T-Series Apna Punjab,40900000,29092582257,India,https://yt3.ggpht.com/_91KycI5b_sm8kezAeR1OpD0LfsZAiFReQ9CtFi6QLPHpkEmDdmzh7H1gBMpYvXQlfBAcbWs1g=s800-c-k-c0x00ffffff-no-rj
45,Heroindori,40400000,16687184332,India,https://yt3.ggpht.com/CN7iXLBhm2XOFVDPRjEghaU5mf_-DN9gNu4xYOr0eCPol87xPrYpnwLZbwtDcasuVzLFgK0JMg=s800-c-k-c0x00ffffff-no-rj
46,Sourav Joshi Vlogs,39900000,21571648558,India,https://yt3.ggpht.com/Eb6xZ8irjVgF187eBWAZTsUh7Q6qQSSz5kw_5yJxgUL12sVZORG9ilYGIpca9SyYmGotCHlt1Q=s800-c-k-c0x00ffffff-no-rj
47,Tilak,39900000,16569462745,India,https://yt3.ggpht.com/RKd9polXhhBKPe1UsmrxfGI83aOUX_LrLDZGGL5NMew8TnExAfYvQdJM60xZQEBfjQVpb16MM2o=s800-c-k-c0x00ffffff-no-rj
48,News18 India,39700000,48653522118,India,https://yt3.ggpht.com/-9rj5xq11503L40XuWcrzpG5yogC9Jc8novQEqGgY1bzmnN9sGrvFQbnpz6JmwS6N7FqqdV-=s800-c-k-c0x00ffffff-no-rj
49,unknown boy varun,39700000,18183373685,India,https://yt3.ggpht.com/M4HA0Qr6JW7TcEgyiIMz2trH2coOs-JhVRKx6gtlkBj2wsLhpkvJBqMkAx7qm97iYr1hkli3=s800-c-k-c0x00ffffff-no-rj
50,Neetu Bisht,39300000,42277274117,India,https://yt3.ggpht.com/5SJ4y5JKt9qx183AgODFmA46RTZKL_aaEvb9_NiGfjKw0_G5Su0QLzAn5dbJonIhHvxlKYjhAA=s800-c-k-c0x00ffffff-no-rj
51,Shemaroo Movies,39200000,11117978454,India,https://yt3.ggpht.com/KVlNC_KbObRUn4n4h0q84p7ss4JY94H2jWXPj7kKBIuE-bpYus6JNDh6YtIWAK9F9tlu_Sh5lw=s800-c-k-c0x00ffffff-no-rj
52,Worldwide Records Bhojpuri,38900000,22392194813,India,https://yt3.ggpht.com/-N5pxPBAWL2AjzkPmPTcGu2e2Gu4qBOHcL6cJsjwOPDg5bqPWzMCnQzqEYFLSCURfciWNhjDMQ=s800-c-k-c0x00ffffff-no-rj
53,Jkk Entertainment,38700000,17817884745,India,https://yt3.ggpht.com/LG431Y09ql5xiiwMWbHNrDwZIncba9_uJ6ttmzgwf65JIOrl_ll1qSZF9_3aA6YnImwDAqC8F-4=s800-c-k-c0x00ffffff-no-rj
54,Aditya Movies,38300000,16820053686,India,https://yt3.ggpht.com/ytc/AIdro_l1wl3kwI9K6pupJ8nrIqat_DeT2yF9JPpMpkx2Lg14TgI=s800-c-k-c0x00ffffff-no-rj
55,Filmy Surraj,38200000,23336834885,India,https://yt3.ggpht.com/FCSARmSWwXaxWy8GB2XzCBlZtI5K1GQC3_CWqX85rHmtZbuZ0FRioRkZAKhpwUj817M6B2Tr6Q=s800-c-k-c0x00ffffff-no-rj
56,Ishaan Ali 11,37400000,23896961940,India,https://yt3.ggpht.com/ytc/AIdro_nfIKee8dUZK9zkmFyI87ZeBBwluAmQbGlaZ7YuyoFflDY=s800-c-k-c0x00ffffff-no-rj
57,Goldmines Bollywood,37400000,11345345199,India,https://yt3.ggpht.com/BMAiZnOGPMbMXWFW-lYwgp1-qJD6iPbBtB6YS3Kyr9lPM1jlegCl83vHjyasFEjPJrBYAsaeLQ=s800-c-k-c0x00ffffff-no-rj
58,infobells - Telugu,37300000,24018246639,India,https://yt3.ggpht.com/ytc/AIdro_kUAl1fLmWiVNSYzhmNasdgy2rnS3RY3tHUI9LZwDHf0Bg=s800-c-k-c0x00ffffff-no-rj
59,Geet MP3,36700000,15731246027,India,https://yt3.ggpht.com/HA5DPE00lir7UdXAe6eTQQsRN4caaDxUEAZsuFUsR9x6S7CgiYhf3VJXBU89GXMRVI0fNwJ4Qw=s800-c-k-c0x00ffffff-no-rj
60,Aditya Music,36500000,38204701917,India,https://yt3.ggpht.com/ln9XRahq7NmtKgdDM0sA1g210AOyUOTmwVHwjjX3c3fDahjY85LvWUplPfl1WrFaSR-SvG7V8Q=s800-c-k-c0x00ffffff-no-rj
61,Round2hell,36300000,3819655002,India,https://yt3.ggpht.com/ytc/AIdro_kiR_xWlg7vo5dKLMFOxCgoYvV5xizv6zYbSrfrhiRbX2Q=s800-c-k-c0x00ffffff-no-rj
62,Crazy XYZ,36000000,11223199445,India,https://yt3.ggpht.com/ytc/AIdro_m_dwfeg3dT3tiDA8BJyWUyAk9EYZKjB5J_HGXBqSMcqmE=s800-c-k-c0x00ffffff-no-rj
63,infobells - Tamil,35900000,24498586379,India,https://yt3.ggpht.com/ytc/AIdro_nsOwFT2Qv_FL_fm08hgwOwly_Zo2XnxReY9Juj_phE6g=s800-c-k-c0x00ffffff-no-rj
64,Pokémon Asia Official (Hindi),35800000,3180925703,India,https://yt3.ggpht.com/MHgpPBFlw6cEfix0nRxK027xlKWsmGsFStldKF6TUfGjzifOnC-3so3HTbtD34Z3vF1xzwk9=s800-c-k-c0x00ffffff-no-rj
65,Eros Universe,35700000,5396030203,India,https://yt3.ggpht.com/M7q6vBQOuX_g_zxq_up2VA84eyvDg7P_sOX8IoWfl7zyOCJc2U0Ish7RZyZ874IBZqbM6snl0SI=s800-c-k-c0x00ffffff-no-rj
66,Taarak Mehta Ka Ooltah Chashmah,35200000,40362803122,India,https://yt3.ggpht.com/zIrDxCedXodycLW_UCYvZI5fmS_01HxPW8AiuNmEH1WRaAdcNYaaAjK9RBZwJepLvyBypOih3Q=s800-c-k-c0x00ffffff-no-rj
67,The Lallantop,34800000,17848674082,India,https://yt3.ggpht.com/CdR2ybs_Tz3mnJANjVWszTsYsSQbVmFUdYnqndK-K7j-tKRYH6Yz8gZpHb5bOvEtgFyHyAzMgQ=s800-c-k-c0x00ffffff-no-rj
68,KHANDESHI MOVIES,34400000,12240584216,India,https://yt3.ggpht.com/ytc/AIdro_n7xeTx0oFzCUUd0D26PiVsGLepZKFL9WKC_dldvJY7imDd=s800-c-k-c0x00ffffff-no-rj
69,Desi Music Factory,34200000,11380876714,India,https://yt3.ggpht.com/LDPrmm0hkQPeJnb8R1jFj2x8QRVOiirXcsPL94iGe722VZSIb1oj8GkVQL_-PEkuW1w-L5wmMts=s800-c-k-c0x00ffffff-no-rj
70,Zidaan Shahid Aly,33500000,35507150684,India,https://yt3.ggpht.com/upyvNo2JbySSpiyNPAMLrAhzZaAKWCOKcimxmaPp-uFb9YOp252js9Z--2scrVqmQQGkFcB6kQ=s800-c-k-c0x00ffffff-no-rj
71,ZappyToons - Hindi Nursery Rhymes and Stories,32900000,23038199030,India,https://yt3.ggpht.com/TXHK5qQIr9Zgh7tpyfZ9JG8sKcbTdfUuyMWukYjKLVSnp5ZuOV9Tal4mW25FczTlEIaA2HoJ=s800-c-k-c0x00ffffff-no-rj
72,ashish chanchlani vines,32700000,5593083622,India,https://yt3.ggpht.com/CrLhyqPSRNF7y2vkwh0741Bp2B6l1btRWt-J3DL0Pgt9_LbYybVxSv8T_8hx2wtuVevBWw9Pog=s800-c-k-c0x00ffffff-no-rj
73,Azhan5star,32500000,12979824342,India,https://yt3.ggpht.com/T-kiLzpaipZSs0Eprfp3dwhdpO8NeFazPUbTHexYvrQCKROmHMSFYl-znEjStwxDuKxArNMFWw=s800-c-k-c0x00ffffff-no-rj
74,Sun TV,32200000,42083745478,India,https://yt3.ggpht.com/ZeW9yVbhXq0R5DNVUBN895lr_tEc7XA06yB3F7RdJZXyd6VtQbw0eCRoHtGIR4-JNji39AFv4Vs=s800-c-k-c0x00ffffff-no-rj
75,Ultra Movie Parlour,31900000,7363713630,India,https://yt3.ggpht.com/ytc/AIdro_nVLioaJVrhmX7Bf05Yax9nnbcI5kWXimV_L-HWVW_kDw=s800-c-k-c0x00ffffff-no-rj
76,Jomy Production,31700000,10826985201,India,https://yt3.ggpht.com/M1OOg59frBcrWXBew36LcvYlI_LE2BbqttVMWsD4diWcqHizhTB3YzVk4A0PPaq0rfI8pmUj2jU=s800-c-k-c0x00ffffff-no-rj
77,Republic Bharat,31300000,21579782570,India,https://yt3.ggpht.com/6GoD_YAMluEkZWRu0YvGgkNeF5uymSLDtEcKg_5-TLwxJYXN0tjGDuA5kZUIHlHHXDUh37zCl_k=s800-c-k-c0x00ffffff-no-rj
78,Kids TV - Nursery Rhymes And Baby Songs,31000000,16325616885,India,https://yt3.ggpht.com/uGak22LOT7AN1k2s2i8db05zbBzly8Ts5hs530SqN0Fd1YTKSIQE-v6Xd4uPwNgiM--Kl3PAYA=s800-c-k-c0x00ffffff-no-rj
79,ABPLIVE,30900000,12061487700,India,https://yt3.ggpht.com/ET9_RIDkPNb-XeN1fN8-l-bm9aTkL7wLlQdnEjuMv6FpSU08WKvFmF1VfcLQ0a-h6tx7nhigPg=s800-c-k-c0x00ffffff-no-rj
80,Village Cooking Channel,30400000,9663282805,India,https://yt3.ggpht.com/66OTTHSdZwqnz75I-z_sCFmf-EKQ9q4_OZsluCDm3KqPrcauc16Si1gGQuUgqe82Pi05Y2vnpw=s800-c-k-c0x00ffffff-no-rj
81,Box Of Vengeance,30300000,14214297916,India,https://yt3.ggpht.com/AMOYA3NhZ5TIf5bVKxntsd-tFihCNPFlaAulok5MSPk-QezDBoJyMBhWhAxYLC7k5k3M9ywOy08=s800-c-k-c0x00ffffff-no-rj
82,Aja Kitchen,30100000,21973119312,India,https://yt3.ggpht.com/8CVAgarJbyFDXN6RFFBaznckkNGxnAjjWJTgmnEFW4MoAKHZw68j_8P9ABmdS_yOwwCPdgRP=s800-c-k-c0x00ffffff-no-rj
83,Sidhu Moose Wala,30100000,9925370857,India,https://yt3.ggpht.com/ytc/AIdro_kiQJ0Hhp0O-tdaY1dy81-gSNujjccUlWstnpFr686ZlMk=s800-c-k-c0x00ffffff-no-rj
84,Narendra Modi,30100000,8125321310,India,https://yt3.ggpht.com/QHbBaeC1MeAM8flc-N4cZXt9FtQBWN94ryZ9VXezIEWgUUIS9_vlPxnbmCc0oRXelFKv77Il=s800-c-k-c0x00ffffff-no-rj
85,Pen Movies,30000000,9603181843,India,https://yt3.ggpht.com/96wNkGp9NW2OXCcJy_FPpkOPh1y2lZzIRcCFE4qt0yuubkRCcgCHd6M1EYesC3NrI6B2e1oX=s800-c-k-c0x00ffffff-no-rj
86,jaanvi patel,29800000,14656141319,India,https://yt3.ggpht.com/l4_qhzXxNH98RD7SD-QxmAnrs43F8E0cbgJ0MQ76kUYa5-V6Vq5RLwJB2rnfU7QwE7PhztwvZMY=s800-c-k-c0x00ffffff-no-rj
87,Tappu Honey Parmar,29000000,16364705829,India,https://yt3.ggpht.com/N2BpwWHbHJHC2tAuXqEFmRpRQQb2-a8bqPzLC3A8tuOUih07a6sNlgw1kSxprorx9zIubNNCIQ=s800-c-k-c0x00ffffff-no-rj
88,LIV Crime,28900000,15564668544,India,https://yt3.ggpht.com/ze1wpPg7QE9SbXz1ZbpM7-vYhcnaoUj7DxbfnG0JraS4JsuGZS6O4OgnEavN5E2p3T53BPO11Q=s800-c-k-c0x00ffffff-no-rj
89,Netflix India,28700000,15130669070,India,https://yt3.ggpht.com/1zMqt_hyAYOV-doKq-wK-UyREkj0GiBbgJ8bzKKtEFWbacBos5Gu8PuSP_dq5cI0a-FHg_lS=s800-c-k-c0x00ffffff-no-rj
90,Sandeep Maheshwari,28400000,2470280306,India,https://yt3.ggpht.com/5Egj8H7GT92E1dQZYhQuFvzInqR1iPo2YuXwJDcdO-qjRKuDNKuzjrQ7sxmjIP31j3Io0m6mATw=s800-c-k-c0x00ffffff-no-rj
91,Vijay Television,28300000,58004219617,India,https://yt3.ggpht.com/51CujRpGuudc87gHFhhpRD-tSGPzO0oqAMaDovDZoj-nEgl5lQca5_lC7u62Pn_fTIc2pfIA6UU=s800-c-k-c0x00ffffff-no-rj
92,Busy Fun Ltd,28100000,12001284810,India,https://yt3.ggpht.com/ytc/AIdro_mC8zY6OoGNCS3YNekdNDUY82gMlVVHM5-5GThEUA47Ai0=s800-c-k-c0x00ffffff-no-rj
93,Venus Movies,27600000,6116198203,India,https://yt3.ggpht.com/hveNxxK5rf19e1iiBbRLIwuHzhHXzvl2ek83P6l9paUx-LxQG5QrlvmB35BeXNiDlqv1yHJy=s800-c-k-c0x00ffffff-no-rj
94,Pawan Sahu,27500000,13461239607,India,https://yt3.ggpht.com/ytc/AIdro_nWLOovxKqMxwtmVRawk1Vi8pmdxpIj-wBqlMsrNMgsVss=s800-c-k-c0x00ffffff-no-rj
95,Tech Master Shorts,27400000,16937743439,India,https://yt3.ggpht.com/BS3-ZPY8jDy03zO5ooi3kmoRMZNLZMXzQts-JQlzb208QMOTJjAHcm-Z0jHJguxPJZZfX-K4eg=s800-c-k-c0x00ffffff-no-rj
96,RKD Studios,27400000,7618598753,India,https://yt3.ggpht.com/bLZm9gFm6AGL0UvNY1J2FCvcTx_4VJwWhQkPEdmFNa4mf8hhE-PYntIogt2A1vvXoaYxPhhwvQ=s800-c-k-c0x00ffffff-no-rj
97,Goldmines Cineplex,27300000,3308680413,India,https://yt3.ggpht.com/DqgL6qC8xNjhXQSWC-daBGxU9TVycK7MpgH7kq7py04rGfH10qE3OrKMSUaODLOxa9OHs1vo=s800-c-k-c0x00ffffff-no-rj
98,Wow Kidz Action,27100000,13142267291,India,https://yt3.ggpht.com/igQ2LFlthqVvp0cNCb9t2MBm4m9r4fxvmzF9umYZyQEpb_LoSw5hsOtGsAIuHRGdz_EHFJgC8w=s800-c-k-c0x00ffffff-no-rj
99,Wave Music Bhojpuri,27000000,15871785224,India,https://yt3.ggpht.com/CErmc7avpi7052Bq_CPYiG6jOlrqbckV-eF7J6HHakH0a9JIiJUV1Km-fo0cR9iR0U9YZ2F2rG0=s800-c-k-c0x00ffffff-no-rj
100,Film World,26900000,317148349,India,https://yt3.ggpht.com/g4ej52JYE9nclpdtb0vaBmPYUiMQiVCl8ryUB5vlF9DOKizJekww4ot_qkU05Q4tkxMWHiH20A=s800-c-k-c0x00ffffff-no-rj
101,Misti Happy Lifestyle Games & Shorts,26800000,39659787173,India,https://yt3.ggpht.com/xjbyMzoYhKe9EubpNhogn2OusnP-QHkNFnT3XcOgi9xGxRT2LGTxJMDVmeCl6JISiLHQNDOaIw=s800-c-k-c0x00ffffff-no-rj
102,TV9 Bharatvarsh,26800000,22166121297,India,https://yt3.ggpht.com/F57JVOMEllFYGTb4-JrupgCdIXyET4r5JbWOcDdyDd8K4HUxadP_fgwqRshQj32Ifjso_8gnqVA=s800-c-k-c0x00ffffff-no-rj
103,News 24,26800000,18356397144,India,https://yt3.ggpht.com/ktfysjWVQCrBMIO2oQBBR58CAotdLThOhkevLiO7c_qAyVO2kap5LheweBUQt2JIMvC-iKTer0k=s800-c-k-c0x00ffffff-no-rj
104,Noman Official,26700000,10028112731,India,https://yt3.ggpht.com/9neTBbdmTILHL0VaOEnq6P2QMz4Wi4tup-Hvryt4BgjdbColOcJ8wD5TjOY89vaolgVcF2LNsA=s800-c-k-c0x00ffffff-no-rj
105,Vijay Kumar Viner Vlogs,26600000,18416009596,India,https://yt3.ggpht.com/ytc/AIdro_nqevS46yDmr5zBHDyrmRV5Z9WdXKnEYNpH-tf7Q6-M9yw=s800-c-k-c0x00ffffff-no-rj
106,BB Ki Vines,26600000,5325217077,India,https://yt3.ggpht.com/H2c8y3sN7j3Hslc_eCun0FSJCQcrYl4zPyhsCt1510INBq1h2vFQTMUOtI4HJNkFD07s0pFlCA=s800-c-k-c0x00ffffff-no-rj
107,deepesh zo,26500000,12476172182,India,https://yt3.ggpht.com/dJQk9r0jy75j_2Qh4_N3uUWAtblbk8k43lS89DNlWj9M-AhQZvNxt6qt8lu1kqUy3FVKTV8JqMY=s800-c-k-c0x00ffffff-no-rj
108,Kiddiestv Hindi - Nursery Rhymes & Kids Songs,26100000,10015872503,India,https://yt3.ggpht.com/FIPbaGmx7QyAuMgDYAwCiZYxfTJ1cL9GR_XgH2Rg6KkKnofWXWDLtdbjMyM51CVXcu-Z8VDUQlQ=s800-c-k-c0x00ffffff-no-rj
109,Sony LIV,25900000,16303248711,India,https://yt3.ggpht.com/DpGHd6R0i3jgWquotYXpOsVPALAuWD9e_U7fohnMy4Vo3EANA-2v0YKtaMMgRa_OZ1nemOib=s800-c-k-c0x00ffffff-no-rj
110,Khan GS Research Centre,25900000,2754683324,India,https://yt3.ggpht.com/ytc/AIdro_nR-5j1ZqaXHq3nhNoapOQvb106wp5uDl0xFOL0ccjqV3o=s800-c-k-c0x00ffffff-no-rj
111,Triggered Insaan,25700000,4988148030,India,https://yt3.ggpht.com/ytc/AIdro_kcOOmIW7xVRIyEyDfZNLz2N2QF4h2shl3NL04oS365WvA=s800-c-k-c0x00ffffff-no-rj
112,And TV,25500000,23990733109,India,https://yt3.ggpht.com/6Hg2El_eMujZPFE550K1xXmX1h7s8QR-ZtylPKLHulf-UBUWmPFWG7SMSl-XNYFtlWlWpeuu=s800-c-k-c0x00ffffff-no-rj
113,Ishtar Punjabi,25500000,14291513579,India,https://yt3.ggpht.com/AWUDcXS-kaMI6gAtXWIsk7egvY4pASqy65fSF3AZ_210VBZlSQyyOuIObRLXbMMU9J1Nfd1J8Q=s800-c-k-c0x00ffffff-no-rj
114,FACT FIRE KING,25300000,14884050087,India,https://yt3.ggpht.com/0W8pdTBphglv__Jou21sglHgbJf7jCvODwtFZ-LXTbfwEBFoaSAduE7QAAIpYkld4qUSXpE_hQ=s800-c-k-c0x00ffffff-no-rj
115,NDTV India,25100000,25657380776,India,https://yt3.ggpht.com/W0jgozFNuPBCryjPuZyN4Eh-iWbPBjWzp2FkOea0Y9n_j07sxCB0ZDO1SAXGmDnp9yd8-t25PQ=s800-c-k-c0x00ffffff-no-rj
116,Infobells Bangla,25100000,14964545067,India,https://yt3.ggpht.com/ytc/AIdro_monwwNxfFHcOkygWKzZV8xVXUwe102NV-tl-UST239MQ=s800-c-k-c0x00ffffff-no-rj
117,Miss Karisha,24900000,2349978469,India,https://yt3.ggpht.com/hJha2NpDv9QXjnI3P5VxxFSOD1kQvxTP0NR_mXZaFw8TePnT4ilpVP9gOwkb8YId_g6RuBr7=s800-c-k-c0x00ffffff-no-rj
118,What's Idea,24600000,43504964,India,https://yt3.ggpht.com/cPeg9mkcSPQKGk9G3Kx02SebXL5evQgW9VtNlB4i2end_Ad-D8Mjj4tebmHX4d0jfZ0nQNCUkA=s800-c-k-c0x00ffffff-no-rj
119,Pragati Verma Shorts,24500000,11930408678,India,https://yt3.ggpht.com/ZTqYaCdOI5mwAOTOdeeHN3cGvnkJQtegYGv1ymWSbLItQF53DxWKY20Ft0HM61sQhLtJZHpL1w=s800-c-k-c0x00ffffff-no-rj
120,OFFICIAL SRG,24500000,5415943184,India,https://yt3.ggpht.com/ekTCUKXCQYUdGoCILZgbmt0UL7M9OKahNSQH2Ev9_gLB05jqf4HluptV-R0Fi8xILJhC2mRfMkw=s800-c-k-c0x00ffffff-no-rj
121,Amit Bhadana,24400000,2883952139,India,https://yt3.ggpht.com/B1XPPqw4W6ZR0B7C4CDoe5UQgOPfD-DO0RUiylmwE_yBqJ-EbXelOhLXu4jOgGar6xa5TPiMglY=s800-c-k-c0x00ffffff-no-rj
122,Ravi sagar88,24100000,11539678523,India,https://yt3.ggpht.com/ytc/AIdro_m-lwiRHdPYUf_2IvD0UNShSVW3N_kicfVYF85TTyd6vw=s800-c-k-c0x00ffffff-no-rj
123,Ranwa Family,23900000,29050300112,India,https://yt3.ggpht.com/p_RLhYpr6kEOUPaAaoRFY1LzYxf1NgAPPz9tKR9dz4eBQmL3OGHYsrp5PJ3qy3iNSJVGNYBW=s800-c-k-c0x00ffffff-no-rj
124,T-Series Hamaar Bhojpuri,23800000,13617944396,India,https://yt3.ggpht.com/qTI1Cc4Q882-2xBLUmJNtTHkJDiC8INZ8NmPx8-ne-qiWRuGR7qfiHhVQX1LmXSkysHdFpeuIA=s800-c-k-c0x00ffffff-no-rj
125,Times Now Navbharat,23700000,22885638068,India,https://yt3.ggpht.com/ww29cixBbXhsOQVJOqbKZxgbrXcAmIrdcNV76W305TDatmZ6WiTkJDE-FDmMXLIkwRe9dT28Rg=s800-c-k-c0x00ffffff-no-rj
126,Cheri's World,23700000,18853565083,India,https://yt3.ggpht.com/--AZIifTSCW6YH01lmC9gNUoO5xU6mL7RyzTTQpQKhkFKqDFX14d0bc-UgG-4p5YYbWLJR4E2Q=s800-c-k-c0x00ffffff-no-rj
127,Technical Guruji,23700000,3985175480,India,https://yt3.ggpht.com/ytc/AIdro_nQFOjj2baePBWQGqL0lgv7SwxZ1uXYo8pg_hViDZb6DEsX=s800-c-k-c0x00ffffff-no-rj
128,etvteluguindia,23400000,31764985600,India,https://yt3.ggpht.com/b19azgQdCHhRWQopQg6crTXCyM6Z9fDktE2iC9Seol4T9IHF5OOYEu6DTbKMdiwf8C6tpVovwQ=s800-c-k-c0x00ffffff-no-rj
129,Enterr10 Rangeela,23200000,12752132388,India,https://yt3.ggpht.com/ytc/AIdro_nihqeyeGABz5-tW-X3FgWGB_7Qjh0iUQBTOdTt6AxsoYk=s800-c-k-c0x00ffffff-no-rj
130,DLS News,23200000,3813558570,India,https://yt3.ggpht.com/xbak4xbNMnOuQfQjVVLdCYEstOPfVZAznXhutT0D1CYB_j2rU15KDC9R3k5P7s95lBWHX8twK7w=s800-c-k-c0x00ffffff-no-rj
131,DEV Ke Facts,23100000,7690574016,India,https://yt3.ggpht.com/IFjNNno9O1qmj7EHxOKMZfy78BPLQH5kFfOdznAP_6s7RJTWx2Xv0JgtSNE4aJJ4pr0xynUZ=s800-c-k-c0x00ffffff-no-rj
132,SriBalajiMovies,22900000,13562388846,India,https://yt3.ggpht.com/VMQhSHJpHy0FUWJSBRPgTkEJLY8PgbPPxN_ShBfq5BcVPOx2IFwZgYtS7GnFvZ4hVWgXpfE0iA=s800-c-k-c0x00ffffff-no-rj
133,NMF News,22900000,11332780121,India,https://yt3.ggpht.com/s6eSH0XScVdMfQtfDyOl6k0fyN6Gjo6M-7sarBV_d2lNd0Dw1HV_SWBdAkKSnfBrEzy4oNqAFyg=s800-c-k-c0x00ffffff-no-rj
134,Prashant Sharma Entertainment,22900000,6375797457,India,https://yt3.ggpht.com/ytc/AIdro_nD8HobxLW23seKOKwqlhk6kOzZEV2b6Mr8r8kMO7RoM6A=s800-c-k-c0x00ffffff-no-rj
135,The Savage Siblings,22600000,23829219867,India,https://yt3.ggpht.com/xggRvumBDaf2vIimYCAnrOktsq5JSlyFxoma3MNBW8Fshn_U5C9V4dIluHIvuicFA1-krqS2=s800-c-k-c0x00ffffff-no-rj
136,Shemaroo Comedy,22400000,7996031084,India,https://yt3.ggpht.com/dX7oRmkc-h56hWds6Gxkg4Y68DP6eMwLUlAGSCAPSgT7kPP_zqy8XozfTaAcwMAeF2UezYsmjg=s800-c-k-c0x00ffffff-no-rj
137,Think Music India,22300000,22048922087,India,https://yt3.ggpht.com/p4TyMutaPSAFZNzFWSGHM0rbT59hPYuAhvMFfpi6uyNJyRLeUG5og5x91rtE6vnb5Vq1TcWT=s800-c-k-c0x00ffffff-no-rj
138,Fun For Kids TV - Hindi Rhymes,22300000,10500710058,India,https://yt3.ggpht.com/ytc/AIdro_nmKzdCkLtUzl5FnR3N7CeWsn5kFEJnFe6T8e18BelRSQ=s800-c-k-c0x00ffffff-no-rj
139,Green Gold TV - Official Channel,22200000,11548533622,India,https://yt3.ggpht.com/xoLuFNh-ghmzHMDKaRs4k4EUl2KPF2eKOMfL854yARi9qLtszlYB-BbCp32-Oa7JmeCoGJpwpw=s800-c-k-c0x00ffffff-no-rj
140,Cute.Shivani.05,22200000,8832104446,India,https://yt3.ggpht.com/TQ42p8XSlBzFGe3z69md4gWks1aEc-aNXwEuS5ftvCfdb24AxNAx2P7ox_mM2526jY__PzdU=s800-c-k-c0x00ffffff-no-rj
141,Oneindia Hindi | वनइंडिया हिंदी,22200000,6553886869,India,https://yt3.ggpht.com/o2gDaWm3Pot7xSZz1dmX9Ha6ji7T6VKAJIkmpPoRly1Zc7BsDoyo9JvnLVfXYs0v9zbiJ0l4=s800-c-k-c0x00ffffff-no-rj
142,Emiway Bantai,22200000,4404228403,India,https://yt3.ggpht.com/-7rsPejxcna4AlrsVt_SsAFs8TH34Mh967V-jGHCxR7dalOrcbxVQUcVLhMvIKI0_AbJenSCbA=s800-c-k-c0x00ffffff-no-rj
143,Dear Sir,22200000,2352377949,India,https://yt3.ggpht.com/iZ6sYwrQTHIOKZIEBeFU1VXWved8RPCPlvZoFQQUpx2Lcws1qu0OHwTo8BgXXyFYhoMo_E8nheE=s800-c-k-c0x00ffffff-no-rj
144,YT Facts,22200000,60686,India,https://yt3.ggpht.com/gC7R-d71MfrIsMG73JT7lQJCxYYRp-BqdSPW3nw1kaY9YTMpSEfGUuB_BjhLuOb_RxYazA0aqg=s800-c-k-c0x00ffffff-no-rj
145,ALBUM CREATIONS,22100000,12262235710,India,https://yt3.ggpht.com/V_X047eX-P_coEkE-upA-k2rqQpVMSRtWkwNx9tBRvtndgYZjGud03aJyKK_burkC0nXgs6S=s800-c-k-c0x00ffffff-no-rj
146,Sonic Gang,21900000,8759556136,India,https://yt3.ggpht.com/vBUO_3UvuwLZ6ktiOKHmVAkbP7TYlzxjdhPeVikN3ahPiX1Subr6N856IXFnYoYA-nUjwKeiCQ=s800-c-k-c0x00ffffff-no-rj
147,STAR भारत,21800000,15231819846,India,https://yt3.ggpht.com/JfcP1XW02QYjf9sUDmYo0sygYsjoHu41MKSZSzTDxphpnlPczVa1kTyI821CePGIHHVDxOYH=s800-c-k-c0x00ffffff-no-rj
148,Jagdish Comedian,21700000,15156984698,India,https://yt3.ggpht.com/FXIMEnw0V5owtDtIHwrdi5-JrMwjSOuvS0fMGF4Njaw25qI74SmsoDJjgaos1GcOwdt8HEaehhk=s800-c-k-c0x00ffffff-no-rj
149,AMIT FF YT,21700000,8648701155,India,https://yt3.ggpht.com/T5hrZ908gfSczadhTufLIMN1azJGJTkjQeRRr8_XGKTpdF6ggj1EZLFpdC3dqYbGZ_YiN9wXpA=s800-c-k-c0x00ffffff-no-rj
150,Aditya reacting boy,21600000,24858268943,India,https://yt3.ggpht.com/CujsWv-d0-E8zH2oBrU2O752OpsdUZ64vWlzEQAgffkiCTk2a9CeoyvX96pu86pRSu8AE1YLXA=s800-c-k-c0x00ffffff-no-rj
151,Bihari Ladka,21400000,16710377825,India,https://yt3.ggpht.com/ytc/AIdro_kPz06wu5FSCRFxT4LJcCpIX9_n7DL5AL6IOwcYixj4--k=s800-c-k-c0x00ffffff-no-rj
152,Sony Music South,21300000,20904579899,India,https://yt3.ggpht.com/JyW58ywuh93rxLy6AwiOJ99HsYrh3iODK49mZ2BkxKkREQT1_pGy2rx7PZ3o1ROhhNc4i03d24Y=s800-c-k-c0x00ffffff-no-rj
153,FactTechz,21300000,9939217215,India,https://yt3.ggpht.com/Y-mxz71s0JZEy0Aui6Q7O623STjQ4v0qWl0wYzysOATRTmPaVv2hlo8hzYNM51oBSPfn6oVFdQ=s800-c-k-c0x00ffffff-no-rj
154,Zee Bangla,21200000,17650417771,India,https://yt3.ggpht.com/jIRlgQxlU-9mFVpBHZHjCApv8rArI8Lj0hB_HxKveD8SpbQ6k2fA6kSuZixOV92Ty4sh7-Vhvw=s800-c-k-c0x00ffffff-no-rj
155,DM - Desi Melodies,21200000,8658490659,India,https://yt3.ggpht.com/ytc/AIdro_nvKV0aHZiFB9m825ctbF8KNzUiKO2LUAUbZtGV_idmI90=s800-c-k-c0x00ffffff-no-rj
156,GCC Facts,21200000,1943386529,India,https://yt3.ggpht.com/W4Pu8yx3Sw-YVl6xH_pjuIR1l_swBWYf9BFwkhcqsIbL4xxaFQtTyNgsipZDdCOg1ITV_gPZKw=s800-c-k-c0x00ffffff-no-rj
157,Vishal Rajput Official,21100000,13972992812,India,https://yt3.ggpht.com/YaqVTjmNgzSIKLHdI1MYDOwxpmwXV12ICOVkejq4Ln014uCVKjgtE7g2qobuJZIMyJLQ1mBxww=s800-c-k-c0x00ffffff-no-rj
158,Dr. Vivek Bindra: Motivational Speaker,21100000,2121326484,India,https://yt3.ggpht.com/4NALdpwvtRH9YLmwto0rLf7BJllOb66gptdRXMldvMJy8aBbZR_0QP9SHRsxBc9h-48MZ_TCHg=s800-c-k-c0x00ffffff-no-rj
159,Heidi & Zidane बच्चों की कहानियाँ,21000000,14953324225,India,https://yt3.ggpht.com/ctoEcgJnmTr6_orz28iTn1VNS9aEJbVbQq3nLNtIkyH2NvkyF5Y9XKeHKYZbFAM0rVBy1v0-=s800-c-k-c0x00ffffff-no-rj
160,Happy L story,20900000,22577996063,India,https://yt3.ggpht.com/XHtz8qxgR5WTJ0I_0j53ixRNXQ6yS2p38Y2Zk4DsXMV_hYRTk6QSWZHTbCCcjkXz82EhDyK24A=s800-c-k-c0x00ffffff-no-rj
161,Sonotek,20900000,8860546988,India,https://yt3.ggpht.com/ytc/AIdro_m3m0NE3kB70Osp3a3m-vTZmWTLa7OKofw3X8JsmN8BbHA=s800-c-k-c0x00ffffff-no-rj
162,Kids TV India Hindi Nursery Rhymes,20800000,13430159720,India,https://yt3.ggpht.com/O5amfWJoCgMCS3srHhW24hjkSZvVTuw5yKLPZZncuzEUPI_C-Tnf-WxxHsGSSNDQ1rhK9s_t=s800-c-k-c0x00ffffff-no-rj
163,AS Gaming,20800000,3352772739,India,https://yt3.ggpht.com/MO9assufD_rlg39qH4qW4QSzToNnYIJMBX5tQrlfii_fs_45KorgsdeTRz1mkMU-qE_8P-AO_w=s800-c-k-c0x00ffffff-no-rj
164,Mazhavil Manorama,20700000,26815781131,India,https://yt3.ggpht.com/ytc/AIdro_n8C860__Egj6BLet8CWzVDUfniMJKqENCSjdIiwI_Zlec=s800-c-k-c0x00ffffff-no-rj
165,A2 Motivation by Arvind Arora,20700000,13863170616,India,https://yt3.ggpht.com/IhPyK0eR9yo__UKJ8-Dd_jCXu9TVMP5gkqzKhiIN6v28witayYRZtN9yR-AF2Skwefb89FQj=s800-c-k-c0x00ffffff-no-rj
166,NH Studioz,20700000,6856307778,India,https://yt3.ggpht.com/2l3aOCNSE-RK1sW2xtIfbta_0e6fFYKd4QYMTnvk7hzalwiICoz5PO0J1T8hsC25r2uNsRX1Sw=s800-c-k-c0x00ffffff-no-rj
167,Aayu and Pihu Show,20400000,13981507407,India,https://yt3.ggpht.com/zAYtcBFPad_ZYVuaH55iCyzV3Fz9zhCuBdo2nCVSa961KsZXBPTTqvxz6pGbdJaf1DGW8d8W=s800-c-k-c0x00ffffff-no-rj
168,Zee Music Classic,20400000,8007730150,India,https://yt3.ggpht.com/8UYhe6FRYRnXNHg18lakM8PtjxWcm0EZEEeSkKL4Eo2hlYnHWWXqYt04wr-14Cv3VMIdoT6X=s800-c-k-c0x00ffffff-no-rj
169,Behindwoods TV,20300000,32127094999,India,https://yt3.ggpht.com/poOrmh6xjjJm58fj4lLwW0F4HVs3CWlM6ziO-6gpveLc-Fh1LyTCiS39LWgKFBa4ylsRxD_H=s800-c-k-c0x00ffffff-no-rj
170,iam_nandinirajput,20300000,9635702123,India,https://yt3.ggpht.com/_4oIaDeFWmL7Vz8SGMVJ2sdyZBSjarLS96SSc9AFv7IL67N-d5B3lPpYiojJq7ctRMukJWbes9U=s800-c-k-c0x00ffffff-no-rj
171,StudyIQ IAS,20300000,8073836937,India,https://yt3.ggpht.com/QnU8L8IUm5IHAsjvhiNrDqjNhJWX_MWrvwMeVyBWrjP_vnhuhmSIsuQ6Lr5dbTqH2Le5WeGWDA=s800-c-k-c0x00ffffff-no-rj
172,Miniature bana,20300000,2973744714,India,https://yt3.ggpht.com/6OM7g2b_68b0hKJ_sT11rTLDNF9C3CHMrOUUhpvKyfoEZm3DZvgB54XdXtMGonXelTEf317RuQ=s800-c-k-c0x00ffffff-no-rj
173,Kashvi Adlakha,20100000,20774173154,India,https://yt3.ggpht.com/ytc/AIdro_n1z_dGyd2a2L7z34pmrFQZbn5m83kZ678zmZx7qjL8WZc=s800-c-k-c0x00ffffff-no-rj
174,seeVi la,20100000,18766210422,India,https://yt3.ggpht.com/p1CTaqVLcSPwkUQSlv0r8xQww9C4Ti1BF6hYLG4Bq03DuStkQ-wzIEjwkKqLhB2N_u7CeXK5DA=s800-c-k-c0x00ffffff-no-rj
175,tiyaa_ningwal_official,20100000,7120065442,India,https://yt3.ggpht.com/SicWABB-_LTt5fMrVVztrbOM4ROoKH7tZ-jbLTB4xy1EPGzaUKd5LUQE9UOcbEd2GoGezQXA=s800-c-k-c0x00ffffff-no-rj
176,MY FAMILY,19800000,7854793472,India,https://yt3.ggpht.com/ytc/AIdro_mfaAS1xHRTGNzntMpumlMyti0L1BT3zkhZl_JatCqglWw=s800-c-k-c0x00ffffff-no-rj
177,The MriDul,19800000,6690565253,India,https://yt3.ggpht.com/ytc/AIdro_mJ5qCkrdlcHtIzcZTR4iu1QsKElFYe9s_Zp2yTIBqcnuI=s800-c-k-c0x00ffffff-no-rj
178,SRK MUSIC,19700000,8544970149,India,https://yt3.ggpht.com/cNory1MNgVebQO-c8uGeaOiusw4OyLjE1C8g1pJylA7mgJTKEoByskgvt6b0gigMPSFrXC4BFS8=s800-c-k-c0x00ffffff-no-rj
179,ZEE5,19500000,25914686059,India,https://yt3.ggpht.com/ytc/AIdro_nO4wJmh7M9ktKbzNomqW4ais4W3Y69b4RngbQnagV08T8=s800-c-k-c0x00ffffff-no-rj
180,THE BROWN SIBLINGS,19300000,12731745633,India,https://yt3.ggpht.com/bWaQdKUDxouKwrJh3a1dnBh027BBDBfssEyjS4jxBxbwcW41FnhCjgwtqwwzVtdF08wzhGyOYw=s800-c-k-c0x00ffffff-no-rj
181,Saregama Hum Bhojpuri,19300000,8711325028,India,https://yt3.ggpht.com/1DrkG_kzGIIuGVwknM-x0_S62gcCmEoLTr1L524IWeXb0nSuw5XXb58AyA7RVR_tvNJv09pASQ=s800-c-k-c0x00ffffff-no-rj
182,Gyan Gamingㅤ,19300000,2917212447,India,https://yt3.ggpht.com/6CxmQBUXtU15YO_bFxay6s1SU5uBkOqvQx42oUn4R_OunwtuqDVXkasex5XektSG7U0rxaomEw=s800-c-k-c0x00ffffff-no-rj
183,Sinotal Gaming,19200000,8739242488,India,https://yt3.ggpht.com/D5XgTw01OOz4IsXyBYV3_IRloDy7UvTkt4vrE64QDf9xSQEQpg4RiKDqEGpRM6xyKdhAhk0u=s800-c-k-c0x00ffffff-no-rj
184,Lahari Music,19100000,9636217338,India,https://yt3.ggpht.com/SJ9gXoyTR63OH5xOswDPmlJonZb7BVaqLrKFadaQqgvtbTRI0WqjGjuc9qdKg8VxOvULpWVZ6g=s800-c-k-c0x00ffffff-no-rj
185,Tonde Gamer,19000000,6013778471,India,https://yt3.ggpht.com/ytc/AIdro_mfQNrbWa80YHctl7LCeaZ7y386pEDh_bKIAH4tKdsP8fY=s800-c-k-c0x00ffffff-no-rj
186,The Vishal bhatt,18800000,12851559522,India,https://yt3.ggpht.com/_pwfJN6A24C6bMglsZ_Kbw-8OLc2FeW6xYu8LjL-BV5AStgi91PQUTmzAEwO12LFxgQ7nRSk=s800-c-k-c0x00ffffff-no-rj
187,Sanjoy Das Official,18600000,3914623016,India,https://yt3.ggpht.com/ytc/AIdro_lyaRuLGZAruzNap3O7Z5m6iM99PXv-7JcHp2Ey1PTomDU=s800-c-k-c0x00ffffff-no-rj
188,Fact YT,18500000,2037870995,India,https://yt3.ggpht.com/00oFU9aKwinzV2rwaQRwp0kclfRtkZw9ePRfHnEnxCIBidTCgrxn3UhFrTTtfZvSZQRbpkkopQ=s800-c-k-c0x00ffffff-no-rj
189,Spider-VAMBI,18400000,15542997723,India,https://yt3.ggpht.com/_9JxbStr9VgHl1J44avSjURl2VyqDy3UB3VPUmrhCOd44oEEou0VqdFSnyAeUORrKGsshEhh_Q=s800-c-k-c0x00ffffff-no-rj
190,Aadishakti Films,18400000,8190173634,India,https://yt3.ggpht.com/ytc/AIdro_nxwoWhZyILXGg2OWYZRJ3gaL74LNuffc30l8pUgAHasQ=s800-c-k-c0x00ffffff-no-rj
191,Free Fire India Official,18400000,3979774493,India,https://yt3.ggpht.com/YSzUTfhVvPAnFhGhXhmAGOp6IPrNpVXNdMwGld7LEZABzG6aXPVD2tnICL-XnlQFt_BEOWZQLw=s800-c-k-c0x00ffffff-no-rj
192,Facts' Mine,18200000,14214933623,India,https://yt3.ggpht.com/kmJ8StZZT7bvzYwN0--IpfheMd0nlMnxoNJwbJr_p3mBL5kl7oWrC65ZsJrTCJpy7rOiGDJGnH0=s800-c-k-c0x00ffffff-no-rj
193,NITIN FREE FIRE,18100000,3149066430,India,https://yt3.ggpht.com/gjX2PMRqECOxHdx0Oyn7awlSKxoT4GCxX9VjlDlbo_BOra0NVnPUzDrKMyFFC8KNQxg4ip8vzg=s800-c-k-c0x00ffffff-no-rj
194,Fact Brain 96,18000000,484820653,India,https://yt3.ggpht.com/1R1x2VHhb3asCteo2uLg8OnFlPtgajKx88Hv23WRjYtpzlOO3DJMKeeXZb2ONRpZjo_Me8A_7A=s800-c-k-c0x00ffffff-no-rj
195,SEVENGERS,17900000,16468405423,India,https://yt3.ggpht.com/dotxnWo7ZpW3atfLXTR7cNE9MCK4PKsnp9f_Z4Vktn76ecTnVZKgKpghVcdDqarqUhlUISQoPw=s800-c-k-c0x00ffffff-no-rj
196,Priya Biswas,17900000,10049820295,India,https://yt3.ggpht.com/kOiYrnAIzI9wSBiHK1y0FQeOLRwfZdWzJbpHzI5dY9WzYB54XibYinb0oGXC_RtWevqoHZfC=s800-c-k-c0x00ffffff-no-rj
197,Volga Video,17900000,7649687227,India,https://yt3.ggpht.com/c6xBFtlK2dEirW38AGNqxqhexH6TNIWX7JWUQyMsmlS54ATpOMcp2DhQrJHiX_0ChmDBUbsnVpk=s800-c-k-c0x00ffffff-no-rj
198,Adaah Queen,17900000,7118456013,India,https://yt3.ggpht.com/jHnO5HTEh46oDxvYcGveBoVN5uRDQbDL5wLOhnmnU3PIjEY16rjs4X6q_v_BUQBdZ5YcBDMt=s800-c-k-c0x00ffffff-no-rj
199,News Nation,17900000,6748785940,India,https://yt3.ggpht.com/1jijWURyIcfv7wLs9tdCw-CoqScC6h5BoiTBTkEkmZH3mx7SxCw5ojlqTIb89qbZhfKID7oWfQ=s800-c-k-c0x00ffffff-no-rj
200,Zee Telugu,17800000,17093511095,India,https://yt3.ggpht.com/QUQRmqwk7JVFjQG0tHVO66NmBalHkY8n_N6Qv0_4wLCCSUDko2odiAGFiviyIP_DKM-A6_KN=s800-c-k-c0x00ffffff-no-rj
201,Zee Tamil,17700000,17112213561,India,https://yt3.ggpht.com/pbxo4X963RomXIWveO1Mi99aEAGx34Ubb50CC95gNvRF3Pp13QgAJw54Ad6kW0SwlHqmo6MT=s800-c-k-c0x00ffffff-no-rj
202,infobells - Kannada,17600000,9337177370,India,https://yt3.ggpht.com/ytc/AIdro_mMBALFXQ4cudQuCH55PX-Q-vZMoaGphT8PDHK5lPkx3A=s800-c-k-c0x00ffffff-no-rj
203,Times Music,17600000,7027757574,India,https://yt3.ggpht.com/ytc/AIdro_n1We8gVmJKcW3QZeRXExfx7_agawO6uINGhE_XRRcU6IY=s800-c-k-c0x00ffffff-no-rj
204,Power 96,17600000,6701300185,India,https://yt3.ggpht.com/UcyPMgwVXQqtWU7kKe4fhJlReT9KfcqZSiz-ex7vxo6jpn6OlXFG5eQuO5u8ZRNMkuiGAkGthA=s800-c-k-c0x00ffffff-no-rj
205,Prajapati News,17600000,1154553048,India,https://yt3.ggpht.com/ytc/AIdro_mdQUW5wUo8TgvW85xQZmF6RMZf6b6HoRULAMZW08msyR8=s800-c-k-c0x00ffffff-no-rj
206,Desi Gamers,17500000,2928936025,India,https://yt3.ggpht.com/ytc/AIdro_kYmuwctsp023yP8gaxfp-68u4Ix4G5N_T5YjN_H-QCnL0=s800-c-k-c0x00ffffff-no-rj
207,Piyuansh,17400000,9775105308,India,https://yt3.ggpht.com/xTguyO3CzPd7SdLBElHKgR09mP3JqYB9a77QDjkKCNJUJ0Hii70NQjgc4vaMaPy5T2R64UieTw=s800-c-k-c0x00ffffff-no-rj
208,Jugnu Kids - Nursery Rhymes and Best Baby Songs,17400000,9230308366,India,https://yt3.ggpht.com/ytc/AIdro_m1lsOKO1JPKpJ-1ybunqgCq83Qnz69QS3QE4ytSnzdag4=s800-c-k-c0x00ffffff-no-rj
209,RS 1313 SHORTS,17200000,11016011552,India,https://yt3.ggpht.com/ytc/AIdro_l8UsE307U-_lc4cSkjfYf553Hidjsg7yDj3-ZSkKJoqis=s800-c-k-c0x00ffffff-no-rj
210,Team Films Bhojpuri,17200000,7071386919,India,https://yt3.ggpht.com/Vy_rUyZKeNVlBLUZeEGRI2_Ft7AM_nxTu8xOhHcn1AE0b19fZEceGYaZF_jOwrmJLhmZkS9oa6M=s800-c-k-c0x00ffffff-no-rj
211,Mythpat,17100000,4269191397,India,https://yt3.ggpht.com/TypISRnGC6N9ca7Uae4Pd8Zii0w8zPfYbVmsKCw2MTUUKLpqbkzAjdkDoXZV29VcYrNFZvbWCGU=s800-c-k-c0x00ffffff-no-rj
212,LittleGlove,17000000,18651837548,India,https://yt3.ggpht.com/DckBsxpTLwux5_XFownpA3G9XYvIovgTD1wDKaCbwfqjyiAzznPHXxVM_ggBJfmUCyH2lZlv=s800-c-k-c0x00ffffff-no-rj
213,ChuChuTV Hindi,16900000,9848604327,India,https://yt3.ggpht.com/ytc/AIdro_l7aczYe8G53nSS18B9NAkiQpxD-ptKgkGxIqaIR4kfn0Q=s800-c-k-c0x00ffffff-no-rj
214,T-Series Regional,16900000,6638891058,India,https://yt3.ggpht.com/ytc/AIdro_llW5trdST0aiDZqLNvt64RZm9pWD4EP3dZIb1QRJjkWMs=s800-c-k-c0x00ffffff-no-rj
215,Indore Physical Academy,16900000,5352568184,India,https://yt3.ggpht.com/aZoigwTcLQOuSrFei3MVFubOcGwUO8jxw8zqW3vZLOyV2e_CgAbUVlqM-hJiz1J5UuZ-W7VX=s800-c-k-c0x00ffffff-no-rj
216,Stubborn Facts,16900000,921091687,India,https://yt3.ggpht.com/ytc/AIdro_nptGMaCxlvU3XiQiNyX_ihsJOme7LogrVY0nsiFpXODx0=s800-c-k-c0x00ffffff-no-rj
