Rank,Channel ID,Channel Name,Subscribers,Views,Country,Profile Picture URL
1,UCX6OQ3DkcsbYNE6H8uQQuVA,MrBeast,476000000,117242419259,United States,https://yt3.ggpht.com/nxYrc_1_2f77DoBadyxMTmv7ZpRZapHR5jbuYe7PlPd5cIRJxtNNEYyOC0ZsxaDyJJzXrnJiuDE=s800-c-k-c0x00ffffff-no-rj
2,UCbCmjCuTUZos6Inko4u57UQ,Cocomelon - Nursery Rhymes,200000000,219898447416,United States,https://yt3.ggpht.com/yiljI_XQcX8X0p_E2S0APGrUs7tHBMukf5_3dhVzhbH-z5uhzpt88tUopQa7ngVwO1nGAAnr6A=s800-c-k-c0x00ffffff-no-rj
3,UCvlE5gTbOvjiolFlEm-c_Ow,Vlad and Niki,149000000,120292681596,United States,https://yt3.ggpht.com/il7dQx5fz3qs2ykOvWQVhtjT-_grY_oPmXlah13q694r_5zUS_7M33pBuUC34Cq0VearBaT1NOE=s800-c-k-c0x00ffffff-no-rj
4,UCk8GzjMOrta8yxDcKfylJYw,✿ Kids Diana Show,138000000,123697803653,United States,https://yt3.ggpht.com/G88LBGqFoBWMos0glZEdCvQ7uEMPnhBYsPRMOFX5b5z6tuqWaD6ZcscslaKu0zLO37v8sMUA=s800-c-k-c0x00ffffff-no-rj
5,UCbp9MyKCTEww4CxEzc_Tp0Q,Stokes Twins,138000000,29586430358,United States,https://yt3.ggpht.com/ytc/AIdro_licRUYkb1mqyEXaQPq67wtqgk7qinfWOEvc6gjnsSofu4=s800-c-k-c0x00ffffff-no-rj
6,UCJplp5SjeGSdVdwsfb9Q7lQ,Like Nastya,132000000,120052600086,United States,https://yt3.ggpht.com/ytc/AIdro_mVv_9v6t_6ni8YIQZWxmabSsNCVTyGQ48CHQ8-2W-OQtM=s800-c-k-c0x00ffffff-no-rj
7,UC5gxP-2QqIh_09djvlm9Xcg,Alan's Universe,100000000,60715936253,United States,https://yt3.ggpht.com/QYrADJNN_BMJSYm0LkqAs13ehWHjtxITE7kSBPsEIB_I_VFeDvujpH4aJfHfJO3FsFMsYa6Oig=s800-c-k-c0x00ffffff-no-rj
8,UC2tsySbe9TNrI-xh2lximHA,A4,92700000,37214205773,United States,https://yt3.ggpht.com/GMJvnLHTiP2KCvomxYnL_dhPtEti9P6YjlaloKn_zQ8N-_vUd1JMi0kXQe2BQLfy1cRQZa-D=s800-c-k-c0x00ffffff-no-rj
9,UCPuEAY09CtdTzFNWuqVZgDw,Topper Guild,86700000,31015966579,United States,https://yt3.ggpht.com/tIUjsEc4SPp4pLASoh1Zvt9Oto5X9qdkWUTeJPDTUcuhLLbh_QAdn7R4CXTcGT-EfG03-DDQ=s800-c-k-c0x00ffffff-no-rj
10,UCcdwLMPsaU2ezNSJU1nFoBQ,Baby Shark - Pinkfong Kids’ Songs & Stories,84400000,54913135739,United States,https://yt3.ggpht.com/HmRKCZ8IQxKJd39MJEVi34_zBOaQMTZVrDTgXLJ-hmT1ue0nKOHqkZLhZaGwaqjKS85uNR7glQ=s800-c-k-c0x00ffffff-no-rj
11,UCgFXm4TI8htWmCyJ6cVPG_A,Toys and Colors,82300000,117426045490,United States,https://yt3.ggpht.com/ytc/AIdro_nKO-qf2jEK-xmzuggQvgjoHJO1xBIxDQ3bEgxuI4PLyHk=s800-c-k-c0x00ffffff-no-rj
12,UC295-Dw_tDNtZXFeAPAW6Aw,5-Minute Crafts,80800000,28468609365,United States,https://yt3.ggpht.com/qxMg7xnccD_tt-YtUTTK-ctCtUqUH9d3qKsbqm_DAti0nC7RHVbFlFiC6k8BoNS1O2O4ytAlZiE=s800-c-k-c0x00ffffff-no-rj
13,UCY1kMZp36IQSyNx_9h4mpCg,Mark Rober,74800000,16263106942,United States,https://yt3.ggpht.com/ytc/AIdro_ksXY2REjZ6gYKSgnWT5jC_zT9mX900vyFtVinR8KbHww=s800-c-k-c0x00ffffff-no-rj
14,UCyagEfIN1okQ-s996XAqCFQ,Zhong,69400000,23336142094,United States,https://yt3.ggpht.com/FKuNOzSM4kV6WgdJK4iJ7mqCJmONtUbY_b52vskqQUYe7kjUB8iUeVMn8lLMzAO8z_YSDm4L=s800-c-k-c0x00ffffff-no-rj
15,UC3gNmTGu-TTbFPpfSs5kNkg,Movieclips,66000000,69120335053,United States,https://yt3.ggpht.com/1uIk9g0sODh4NzeUK86fyEa67EUfZLNDa3FRLfSV0JzvmWrFSZeQVlGQmOnDEcjMZoGFb8MqVQ=s800-c-k-c0x00ffffff-no-rj
16,UC4NALVCmcmL5ntpV0thoH6w,LooLoo Kids - Nursery Rhymes and Children's Songs,61900000,40603443431,United States,https://yt3.ggpht.com/XQ8Z5bwcV4dgjWEYFI1n1M9W2lgEP6RPh8LxqUq6ScFkXWXXwZIz0TTun_B05TTiTvReU5vy=s800-c-k-c0x00ffffff-no-rj
17,UCRijo3ddMTht_IHyNSNXpNQ,Dude Perfect,61900000,20387712183,United States,https://yt3.ggpht.com/nZRsCgyfOVFhBzY-YFV8AhdMcYAybNZ8uttjcsrUGOnGRSVF5yKqRh6XHIs_o03TcbixvlOZ=s800-c-k-c0x00ffffff-no-rj
18,UCEdvpU2pFRCVqU6yIPyTpMQ,Marshmello,58500000,17743119735,United States,https://yt3.ggpht.com/_GYRbg3_acyrsmJbhqHV15sM-Z75gAHqV1uFXXkxIPdsauNqFBXpaXsn6OlwGNGBSm4gu8tYKvY=s800-c-k-c0x00ffffff-no-rj
19,UCiGm_E4ZwYSHV3bcW1pnSeQ,Billie Eilish,57900000,22135482158,United States,https://yt3.ggpht.com/dirvtoDAmx-u0UR76-pxfhYL6Wxj2vfL2geUcxDwk62tTWWhGG6QDGc63RG3NdOz38-yBwRHDQ=s800-c-k-c0x00ffffff-no-rj
20,UCRx3mKNUdl8QE06nEug7p6Q,Billion Surprise Toys,57900000,14930613927,United States,https://yt3.ggpht.com/SGGVU_o46QpD7DG_eL_N-G_rA-KZNUHC1BYqLvZQs2HCYWfr4aBnEU5alxp6FdDCLqgAA9L3JEc=s800-c-k-c0x00ffffff-no-rj
21,UC4-79UOlP48-QNGgCko5p2g,MrBeast 2,56800000,10215348941,United States,https://yt3.ggpht.com/Jd7IA_TOGrW-oXKgX-m5CBJB0tqMemQ-zhZZYmCJxF4w06dcNREG89dHbR_GGLra1TzSJqoKjFM=s800-c-k-c0x00ffffff-no-rj
22,UCIPPMRA040LQr5QPyJEbmXA,MrBeast Gaming,55300000,10568504656,United States,https://yt3.ggpht.com/ytc/AIdro_lMiSL6eHqg2dVxvll6mVMeXo1qVak4TZ4_7mEWdobRRCk=s800-c-k-c0x00ffffff-no-rj
23,UCu59yAFE8fM0sVNTipR4edw,Masha and The Bear,54800000,35970929797,United States,https://yt3.ggpht.com/GXTC73Mo4rC4hUo-xkOaI77IQdC4tnYm-qYO2lbQZTmO7bXdXjlkQdvhXgIVUD0f3wJtsO5cEQ=s800-c-k-c0x00ffffff-no-rj
24,UCWsDFcIhY2DBi3GB5uykGXA,IShowSpeed,52200000,7701092446,United States,https://yt3.ggpht.com/ieK0j0sDqI_AHDwYxZ2Wly07-R7PG4S3YMtxOWCEe1QH-I0FgimJ92tlydQa6M78YD0VaywCaw=s800-c-k-c0x00ffffff-no-rj
25,UCKe6w0exI94U-RzqAyoY1VA,Maria Clara & JP,50200000,35181301851,United States,https://yt3.ggpht.com/ytc/AIdro_n8EDt3qdYql9Dt6WAZDlb_7Af8wIukpc3h3cAbCptHNUg=s800-c-k-c0x00ffffff-no-rj
26,UCK5Q72Uyo73uRPk8PmM2A3w,Genevieve's Playhouse - Learning Videos for Kids,49700000,41211024071,United States,https://yt3.ggpht.com/ytc/AIdro_kbIC31vc6vnxLlz_EpLvg_xxTI3MuN2dq7klx_4g_qBuk=s800-c-k-c0x00ffffff-no-rj
27,UCwVg9btOceLQuNCdoQk9CXg,Ben Azelart,49300000,12456511946,United States,https://yt3.ggpht.com/Y_5UEmFz4ClK77lAjsApC6Hv1h0t4WaeJWpZCPfK1t_ghrnaVeDtiqQWKOJyu4aofx7o25jmaaA=s800-c-k-c0x00ffffff-no-rj
28,UCsSsgPaZ2GSmO6il8Cb5iGA,skibidi,47100000,20328965356,United States,https://yt3.ggpht.com/V_vZjmzBdrlhDqMTm-NeMfBfJGmE0O7X35AJHMcm8lL-Y0EjnycOnSGaxeFlf_FjHh7xvhjA=s800-c-k-c0x00ffffff-no-rj
29,UCYvmuw-JtVrTZQ-7Y4kd63Q,Katy Perry,46800000,29762032432,United States,https://yt3.ggpht.com/dRQl_GlYLxMZJ4UwtVqkBfh8XkAnu_E_DQK4DPNUzLLDxP9wj53MPsDFWk0vJBVgm4w3Fk9nIyY=s800-c-k-c0x00ffffff-no-rj
30,UCcOMTVILq-yIqtFmOqt-QOg,Vlad và Niki,45200000,28892672616,United States,https://yt3.ggpht.com/r759H2HZyNFqMraad0csyHnznvGCFgCFwCKbE5sOvAtQPzcPq10n1DBy67venFgm7x_60c8Vf4s=s800-c-k-c0x00ffffff-no-rj
31,UCBR8-60-B28hp2BmDPdntcQ,YouTube,45100000,1268283877,United States,https://yt3.ggpht.com/3s6evpqAiDU9tQR4sC2siJippbH2RWVPnwHgyl4V0th2iuQz0VDQZbUhQBGmsxLYo-mjG6TqZQ=s800-c-k-c0x00ffffff-no-rj
32,UCx790OVgpTC1UVBQIqu3gnQ,★ Kids Roma Show,44700000,21141151103,United States,https://yt3.ggpht.com/ytc/AIdro_lFn3mh5BIe7qqMcu8Rcd0wDTS6hsBket8y2ZkXgORumzI=s800-c-k-c0x00ffffff-no-rj
33,UCS94J1s6-qc8v7btCdS2pNg,Like Nastya Show,44400000,22145599279,United States,https://yt3.ggpht.com/jZe81ws5l57kOqfmVGKlgNZZbNiPQBarmxBiFzB4icuWz2uebZ4aUVYzUkBA-kAbwbR7rMa8ww=s800-c-k-c0x00ffffff-no-rj
34,UCJfNJmcv6LXCDsaa2kB_-7A,MaviGadget,44200000,55346967727,United States,https://yt3.ggpht.com/QW-VWhv9Eq89fh5fRKJgAGMpZa5WwgAVoL5KGvKWBVEthaEGDpPDd8ux6cQqkG1aeHbUyV-IiiU=s800-c-k-c0x00ffffff-no-rj
35,UCpYye8D5fFMUPf9nSfgd4bA,BabyBus - Kids Songs and Cartoons,43500000,35215431443,United States,https://yt3.ggpht.com/h8scB8Et9ooSoeRG3goQ3spO1Hh2P8c_aJgH5MtbQ-KdrAXhrLv_RrhoiigOuuzaAMwDAQvfJw=s800-c-k-c0x00ffffff-no-rj
36,UCpEJRZdSpdVZ8vh63T9I2KQ,Like Nastya ESP,43500000,22937123291,United States,https://yt3.ggpht.com/AIvCqNbo_MMiiOhLc7VV9p1P7qhkG5eHHqT3ehnl7DAp-pBlptHX5MnJq5B6xU_cYHIoXUrJIg=s800-c-k-c0x00ffffff-no-rj
37,UCMsPm8-25ygqRrRe9_s1WFw,LeoNata Family,43400000,50092094794,United States,https://yt3.ggpht.com/_mAgJyJ6QJYmRes8DlRbZRYAHhoYNDCfT7DflsHZFdZq9z6TCZ5dwy0LgbiH0g_xgOJv3hhVgDE=s800-c-k-c0x00ffffff-no-rj
38,UCM9r1xn6s30OnlJWb-jc3Sw,XXXTENTACION,43000000,12458074379,United States,https://yt3.ggpht.com/ytc/AIdro_mbI0EKHCwGVz_gAUSd75-pRb7fmeKH9wye8ionYojiU3Q=s800-c-k-c0x00ffffff-no-rj
39,UCq8DICunczvLuJJq414110A,Zach King,42900000,22784966230,United States,https://yt3.ggpht.com/ytc/AIdro_kik7i7hId8EjFMERTw3_j8ODyhoot8JF3iUJRs53htOJc=s800-c-k-c0x00ffffff-no-rj
40,UCSf0s2ogUVYpJPuzW1zpAOg,LankyBox,42000000,38913386930,United States,https://yt3.ggpht.com/s34n05C549gbmPlspcwdTBzjC-xE-0ii4MG0ppJf-0DzOuEpKgDh0byajvX6kKAC1ns_RQWu3w=s800-c-k-c0x00ffffff-no-rj
41,UC56D-IHcUvLVFTX_8NpQMXg,Brent Rivera,42000000,12797251782,United States,https://yt3.ggpht.com/ytc/AIdro_nckg4JPK13gMS2o4E9ZVGXg6bHK0PgwVXTe3YCmvKHksU=s800-c-k-c0x00ffffff-no-rj
42,UCKAqou7V9FAWXpZd9xtOg3Q,Little Baby Bum - Nursery Rhymes & Kids Songs,41700000,43896353107,United States,https://yt3.ggpht.com/m_TEySnkSgW4JSO1zH-Ln0Hu0v9mGUTMQXJawt3dpHVLB6VjC7jme0bJkziIvKbx2YW1IhfPxho=s800-c-k-c0x00ffffff-no-rj
43,UC9TO_oo4c_LrOiKNaY6aysA,Daddy Yankee,41300000,27795757083,United States,https://yt3.ggpht.com/jV_3iNb4YlKOkEQGSuB-jPEyAWeA-ur46V_ffZyMjUeh4bSe23p0N0HeaUvxraCMbPjGQVI79A=s800-c-k-c0x00ffffff-no-rj
44,UCm-Qr3k89gtXcuv2jL29XFw,Marta and Rustam,40800000,41495102049,United States,https://yt3.ggpht.com/VJ4T4D0wN4RjVazfWHJTiiNePsaYQM2Gour0KUGemMJDcqGZwrZzWtNA-Dl9PPZ6Bkgqzi3CbzE=s800-c-k-c0x00ffffff-no-rj
45,UCqNmJfc7RgMU6hTxOOuCYHQ,Diana and Roma ESP,40700000,17997194777,United States,https://yt3.ggpht.com/Z-Yy--tmuA_MsMvJrZRH0YTUI-Cch3leNjJuTMwDvl6JBIEMo9o_jvNYNEpzHAfZz-cw3Cx8aws=s800-c-k-c0x00ffffff-no-rj
46,UCeYTfGpNCmVhlxjQxBDrGPA,Mr DegrEE,40400000,43280809976,United States,https://yt3.ggpht.com/ytc/AIdro_k8LXkXtQX2Skbr0NZ2jzNO-_j-Bu2T80hWwDUs3eL2ZCg=s800-c-k-c0x00ffffff-no-rj
47,UChGJGhZ9SOOHvBB0Y4DOO_w,Ryan's World,40300000,63282641570,United States,https://yt3.ggpht.com/ytc/AIdro_mIPCAPZ4k1NbKEYcWQ-TbtucaftdvpIaBZRjzOodYoWGA=s800-c-k-c0x00ffffff-no-rj
48,UC6VAIqNQBc7ggiqvsOHOBqw,NichLmao,39900000,19803289042,United States,https://yt3.ggpht.com/OpGVtVsqeoEVXiEA7D1VlGP0Tmug1Hfs8IWLc1yz10npTXCr7FjWwSQgGj9uZhUvKtT0A_KQKQ=s800-c-k-c0x00ffffff-no-rj
49,UCQIUhhcmXsu6cN6n3y9-Pww,Jesser,39600000,10681810659,United States,https://yt3.ggpht.com/pJe9dElbAj7ZlcGducMEoxfGWu5cKcwnmB7Qu1qKm_dzR0jukIV4myZUhj78P2nt0L3fPuA7rQ=s800-c-k-c0x00ffffff-no-rj
50,UCgwv23FVv3lqh567yagXfNg,DisneyMusicVEVO,39000000,43581126787,United States,https://yt3.ggpht.com/ytc/AIdro_lvNHhhb5UzdKLCer4xytxAB8bki4wJ5Kxr7oRanaGZsbU=s800-c-k-c0x00ffffff-no-rj
51,UC4zWG9LccdWGUlF77LZ8toA,Prime Video India,38900000,16655726145,United States,https://yt3.ggpht.com/3Lvf-BoKFXB9hx52BfVRLQK-u7yV9NsmHUrdx85X2CBN70WPGL23Y8RueSlLiayV-YRHHWul1A=s800-c-k-c0x00ffffff-no-rj
52,UC7_YxT-KID8kRbqZo7MyscQ,Markiplier,38600000,23413433231,United States,https://yt3.ggpht.com/ytc/AIdro_nfDvwu14-iN5YZcaLIomwno1_3oFcYTmG5_kn7SMj_nec=s800-c-k-c0x00ffffff-no-rj
53,UCUMxxg0KvWiSWHUXRPpnKzw,व्लाद और निकिता,38500000,22220722306,United States,https://yt3.ggpht.com/cafcuyD9z-vCW08O_0uKrY-Wqui_HmsTmP7e_6kXo3Myw9IOrX71hBoY_tvJqkcUTaZZ-J67=s800-c-k-c0x00ffffff-no-rj
54,UCBVjMGOIkavEAhyqpxJ73Dw,Maroon 5,38000000,27683851774,United States,https://yt3.ggpht.com/IswqBkzuEWxL5VD_jLk1wwvOg8gBnNtyoi56CrmfQCjf18buW-J6do9_EtfR-Egb6kwgybD3=s800-c-k-c0x00ffffff-no-rj
55,UCp0hYYBW6IMayGgR-WeoCvQ,TheEllenShow,38000000,23760526323,United States,https://yt3.ggpht.com/n6BksIXpbZfRmlxqgdhTGVLvQVDtajIo1a8mxFDADhwE4wMUOhjnZ9qsRVPoTa9dfHnW1Yn9=s800-c-k-c0x00ffffff-no-rj
56,UCgG9IWOPcCIfQoI00xQBUbg,Vlad and Niki IDN,38000000,20077749666,United States,https://yt3.ggpht.com/ytc/AIdro_mRG0SCHEQjPxPjVlJligtxzCcGdpjj7-GOKsX70-Irvb8=s800-c-k-c0x00ffffff-no-rj
57,UClFN9LShD_Pv0wnSeUKbUZw,That Little Puff,37800000,35152273775,United States,https://yt3.ggpht.com/TiNzXP-vFhFxK1Fw6WBz_Hfn7gwGYK0RMy4Sv9bBtMHvFM3tBPpJNTJpCCuR8tUTbbTqLRoLVw=s800-c-k-c0x00ffffff-no-rj
58,UCwD4x63A9KC7Si2RuSfg-SA,Lucas and Marcus,37100000,17252578446,United States,https://yt3.ggpht.com/b-KtsWSzhEcFGyxVl6t2wHT2ZSaa_V5xKteT4R0Cc2NS6R2NFLE8iq5C696GzWSHrLmNcqn7aPo=s800-c-k-c0x00ffffff-no-rj
59,UCi3onjs7UU2Z64i3RrVci-Q,D Billions,36800000,53389420282,United States,https://yt3.ggpht.com/ytc/AIdro_lWUWOvwHYqQqkJH0JUb-IkToxPykv50sQMFpfAtSBFc94=s800-c-k-c0x00ffffff-no-rj
60,UCUaT_39o1x6qWjz7K2pWcgw,Beast Reacts,36500000,6799436479,United States,https://yt3.ggpht.com/lgS8eyiztYG9HyA3eQ60pvj4tnY0pPB5xJPKFtskgJGFdmRxFRHCJvTG_WXPyJRTUxRnj5cL5g=s800-c-k-c0x00ffffff-no-rj
61,UCMyOj6fhvKFMjxUCp3b_3gA,Nick DiGiovanni,36200000,17422662636,United States,https://yt3.ggpht.com/CofMW7AEzKvJogOyUg6_k_H0_jlaa4y2yC0mm-cbjvEpAv_IdOTxttHMIDFM3bD_pM6BBzS4Y44=s800-c-k-c0x00ffffff-no-rj
62,UCHdH2ijb9dtQRRH08u1jd7A,Masters Of Prophecy,36000000,307432696,United States,https://yt3.ggpht.com/_9GcjJnGBjMRNeY88WICZBl40dQKcQQ2aPfiYXio-w28WjPSj5nb8WjeIlgwbSU0QxyCle-3ag=s800-c-k-c0x00ffffff-no-rj
63,UC-cY4X2sLECUhishGNiyofQ,Bebefinn - Nursery Rhymes & Kids Songs,35700000,22429784245,United States,https://yt3.ggpht.com/UtzuH4poMQv9ogsO75o8oMdbNmRbRsd2bJCCMqyxvhH-2uCZ8sMLnwFcHkZfBNjp8sByzDQVUQ=s800-c-k-c0x00ffffff-no-rj
64,UC_82tbyeBHSaDbL725LMlvw,Danny Fitt,35700000,17623150546,United States,https://yt3.ggpht.com/2hAxSBwsJtbatz0m0DAM3YbvnCagcplXIOZa5LUFaChAv-c0qdl9Vo6BfIwvgP4bZLbzhjZj=s800-c-k-c0x00ffffff-no-rj
65,UCyGlHNYIsiXV47jUbvYA5DQ,Cool Items Official,35400000,43649464207,United States,https://yt3.ggpht.com/fRYprPgooSgPvJiDmUDOmA2OAgqnFsv0BiJPo-nkozV1uhnOdzYmaN0h8B7R8KFuc4Kvy6wmpc8=s800-c-k-c0x00ffffff-no-rj
66,UCVtD5iA4rUuOK5cQrB_o4ow,Yoeslan,35300000,36837398709,United States,https://yt3.ggpht.com/7dssLuYsKMYzFbEQ8-o4djg5kVKX0GgOzVY6VWEldCfxH4tcQTSH5gvqkMJbEz6IKoDxcoZQjQ=s800-c-k-c0x00ffffff-no-rj
67,UCUe6ZpY6TJ0no8jI4l2iLxw,Nick Jr.,35200000,29362114391,United States,https://yt3.ggpht.com/5Oe6GeP0RS7YYXlcSqCoBCyzYYtoxSgmN0K_FXQTBOY9tutzr5G1mXjfSmi76YAE3Q8WZXNByQ=s800-c-k-c0x00ffffff-no-rj
68,UCKaCalz5N5ienIbfPzEbYuA,Jordan Matter,35100000,13865856118,United States,https://yt3.ggpht.com/ytc/AIdro_lDjDRPwwtga_q3VbrMyDHbpETZ28gejqUoD1Codxft3TA=s800-c-k-c0x00ffffff-no-rj
69,UCpB959t8iPrxQWj7G6n0ctQ,SSSniperWolf,35000000,26556652931,United States,https://yt3.ggpht.com/zmwPW6LtafadphG0c5qdxTY11Tx6hGwMCiBVQGrsDQRjf2-5oGlC_hPawSrmbNk5mo5Xpx9rag=s800-c-k-c0x00ffffff-no-rj
70,UC57LcmyyZGQ2azPREsxwWSw,J House jr.,34900000,56660140120,United States,https://yt3.ggpht.com/8jCRekz0oyop_nKwFb0kd_p-NLiN9y51NzTnH72CZJo2pLUthaJMy22dWWN6fIptYfOUBrqf5A=s800-c-k-c0x00ffffff-no-rj
71,UCNzsYU0aWwjERj-9Y9HUEng,Little Angel: Nursery Rhymes & Kids Songs,34700000,28838421722,United States,https://yt3.ggpht.com/Zdp9D4bvtHGuLp_rZg3545Xt5k31xAY9fml4yMCKMG5h-aJTOtkbIJ8SU-FAWnOKxcvQtiWs=s800-c-k-c0x00ffffff-no-rj
72,UCTkXRDQl0luXxVQrRQvWS6w,Dream,34200000,4277560443,United States,https://yt3.ggpht.com/In7JtEzLm2klae8nEa04D9OEYn_Sz8DUCEEs3lon3db0d2B7Ng4-jNRWv3C5hetujaqAj9mwBg=s800-c-k-c0x00ffffff-no-rj
73,UCb9A6uotqUiuVCvVp4GMqOg,Justin Flom,34000000,37650885278,United States,https://yt3.ggpht.com/ytc/AIdro_kYgRFcfXEnEVYfiJ5Z-eY8IIIaL6kh2-cImdXyjTgbgEY=s800-c-k-c0x00ffffff-no-rj
74,UC8-Th83bH_thdKZDJCrn88g,The Tonight Show Starring Jimmy Fallon,33900000,19581278587,United States,https://yt3.ggpht.com/rNNmF5XK6SpfwhSL2Uf-GFiezejcbhfRYax6qTG0wQNHbBldm3YyQ6HLY6Ps4YweUNvXQGvUCg=s800-c-k-c0x00ffffff-no-rj
75,UCXmseTCR4w5q36pupOJKegw,Chapitosiki,33600000,46090010195,United States,https://yt3.ggpht.com/Zar9GVo3nnQpwRpXsX6gPPRhiWi92_Ml_6-xC_JluR1OW7xRF3Grh43yTbtp0muZyoQv7jNF7w=s800-c-k-c0x00ffffff-no-rj
76,UCTheFErn4MureanSiqgKIag,DONA 도나,33600000,23545085223,United States,https://yt3.ggpht.com/ytc/AIdro_mFXwcRkZL0Ym721cEq2RZ-xqMV0gm8ykgDxbvPbG7hwQ=s800-c-k-c0x00ffffff-no-rj
77,UCI78AdiI6f7VKhqW1i4B3Rw,Zach Choi,33600000,14906172829,United States,https://yt3.ggpht.com/ytc/AIdro_nv3K8KG6LvfLVy_U1RS77IdrpBcRs_08kB-bOymm3dlKot=s800-c-k-c0x00ffffff-no-rj
78,UCja7QUMRG9AD8X2F_vXFb9A,The Royalty Family,33500000,12270967465,United States,https://yt3.ggpht.com/2Zfi0iwOh5bEjVUlNlOPd5fAHGsgRtwBZwA75MIz11GBiQripRbXp3fQAmc_QPoXUOpFKvmAOg=s800-c-k-c0x00ffffff-no-rj
79,UCozwejESfvl88CBBL0KgEhw,Hamster Kombat,33400000,1318820550,United States,https://yt3.ggpht.com/rIbAGlJyDzcngVjvpn4-vB97i59V0tu0m5b1HoivRl2hzSVzGx16gp_bfiZu56Tjcw2eMwq9aw=s800-c-k-c0x00ffffff-no-rj
80,UCm3hAp1m1xlAz0ve_EKAo4g,Talking Tom,33300000,17867815811,United States,https://yt3.ggpht.com/T5jVxbf_qo_zKAHx_blbMRvyElV9jc_u4PwuWqvDxgDStRfrgrw0BKtSdXQyAtwMBGARKyPRYg=s800-c-k-c0x00ffffff-no-rj
81,UCT9zcQNlyht7fRlcjmflRSA,ImagineDragons,33200000,22662951118,United States,https://yt3.ggpht.com/l6ARvvtI4GWlZMV0nMCoatBy6NjJIB_PVK4ZTEpImbspN57kMaSqMHskIPXkgxsiISB0inbO9J4=s800-c-k-c0x00ffffff-no-rj
82,UCWOA1ZGywLbqmigxE4Qlvuw,Netflix,33100000,11036897035,United States,https://yt3.ggpht.com/3b73AYEMMfa3SX5KJMeygio9smTPvrPrpicuQZbfQ_2DN7dV_ApiRM4CdYjSprEy1YYvt_9b=s800-c-k-c0x00ffffff-no-rj
83,UCbKWv2x9t6u8yZoB3KcPtnw,Alan Becker,32800000,9268486380,United States,https://yt3.ggpht.com/ytc/AIdro_m2cWJR2ufhrX0NpQWi7_UJriTaduV-vRDS4xx5vp1hLPk=s800-c-k-c0x00ffffff-no-rj
84,UC-Diq5SjWZDol8C0_E_1Y7A,BigSchool,32500000,14615025506,United States,https://yt3.ggpht.com/HPjMX5f45ydF69qhwiaPFORK8s4r9E7l0RF0_cofaw007dQbt0ThoZIpwRtnc0s-NOPxZ16AOAM=s800-c-k-c0x00ffffff-no-rj
85,UCzJ53fi4NuDCYWOk9PtEkCA,_vector_,32400000,25092452644,United States,https://yt3.ggpht.com/xk1LtaFeJ_GgnoCuljfLe0LHesN7RRU5Fj11ucHoF-DsVU_fmPn1Mb_eqfqijXpfbtzvHphkrg=s800-c-k-c0x00ffffff-no-rj
86,UCxoq-PAQeAdk_zyg8YS0JqA,Luis Fonsi,32400000,17294937929,United States,https://yt3.ggpht.com/0M8GvfIorHTBIdAKPChLH6pMkIw71QkbvI9peN2sHjp4PhjN8iduUOV6QZUQV4s7IEvjSVEfzg=s800-c-k-c0x00ffffff-no-rj
87,UCNqFDjYTexJDET3rPDrmJKg,7clouds,32200000,29332561365,United States,https://yt3.ggpht.com/fMDMjRRRMVuZxVeMo9R7gyOy4bIOHBv2faL-065NmHBDDkRMMRtJJtADQ5CneAClPWq130bC=s800-c-k-c0x00ffffff-no-rj
88,UCLbyJSPEe2lx3jY-G0CFR3g,Vania Mania Kids,31900000,18360877157,United States,https://yt3.ggpht.com/faS__JdNT-AuGacf3RdK1oB-WnMYIx7fbUpzINetsJEaAY7hhZB-OeM5Uz4tWa83rOQNAWtf=s800-c-k-c0x00ffffff-no-rj
89,UC70Dib4MvFfT1tU6MqeyHpQ,Preston,31900000,13207516288,United States,https://yt3.ggpht.com/g-I_965xeS8IlxhbPm10DtwIgH2xHhHYWaE8JXiPJLjK15YBTR1ViqppmzHWgD_R5YvXDk4L=s800-c-k-c0x00ffffff-no-rj
90,UCU2zNeYhf9pi_wSqFbYE96w,Boram Tube Vlog [보람튜브 브이로그],31800000,14328995059,United States,https://yt3.ggpht.com/ytc/AIdro_kTq-aspmSDSskw5FAtCb7x7MViNAhvE-fdkVijJdcxO_Y=s800-c-k-c0x00ffffff-no-rj
91,UCZLl7vfqlRjVL4YBHGmLVvQ,Vlad and Niki ESP,31700000,13912766239,United States,https://yt3.ggpht.com/ytc/AIdro_l72Hc2ta1Jk0XbKxcyQPRY1uXm4Rtl6vy9qm4QHeaxc3M=s800-c-k-c0x00ffffff-no-rj
92,UCL0X8jPuUk7u11YmmWg8f_Q,Game9bit,31400000,17581340255,United States,https://yt3.ggpht.com/H0ig1LFnVul694rm2qhd8ZTXKTUi73s6BFZsI9DD6Xpm-EY3j66RF0iLBq73hKMNFOsXRCH60Xk=s800-c-k-c0x00ffffff-no-rj
93,UCVEDZVtA5NUtjxSXHjtvkag,Kidibli (Kinder Spielzeug Kanal),31200000,17501148468,United States,https://yt3.ggpht.com/oNvBxqReJFCcWjCOvDdgJANh_xQgFXZT3-84kME1Weu2Qc5QbegGw6gBkR_WKe_w14kcHLVfBw=s800-c-k-c0x00ffffff-no-rj
94,UCHkj014U2CQ2Nv0UZeYpE_A,JustinBieberVEVO,31100000,30681882684,United States,https://yt3.ggpht.com/4Mz5el_eyeB5cBod2jHMV-CC3fYiuSmDuCT9A9tGyYh03KQyVdrP04KYYMttZItBCtn4kfef=s800-c-k-c0x00ffffff-no-rj
95,UC7Lta_EuGv5BXoLTpUutvBA,Filaretiki,30900000,35654180301,United States,https://yt3.ggpht.com/CZG0CoxHihqKyaixaKmTWzAN5W8BHC3udffGdSlHkj8L8cEXL6CtWcVXSATKLxDcoSwvd2-r7E4=s800-c-k-c0x00ffffff-no-rj
96,UClZuKq2m0Qu-HkopkSBLpEw,Maluma,30900000,26700851167,United States,https://yt3.ggpht.com/ZaSSNr-nDSOACgMiMgxp3lNkoMVRzzp9c7jD4nnaLJ0c0b4S8Is7sY4Lh-_oPYPldu1AxgzYqA=s800-c-k-c0x00ffffff-no-rj
97,UCT2X19JJaJGUN7mrYuImANQ,America's Got Talent,30900000,5531188061,United States,https://yt3.ggpht.com/0P-22oUtXljqqHyqrPUms4x0SMx5dDp_gPpwOc7TpibeN03ci7LkK-Thy_rAkieOpix1vRS5W28=s800-c-k-c0x00ffffff-no-rj
98,UCBz9qbqujcjIavFmBJW2oZw,Sony AATH,30800000,24880682582,United States,https://yt3.ggpht.com/dWloAb5aD9Jvz57fz6eZJmLoirWclDN6KOP6oWkmcJXsx6tseGedGxV90fYFgBGjV1KKly7yGg=s800-c-k-c0x00ffffff-no-rj
99,UCtm3DGXkWqAUQZMHl97SVxA,Diana and Roma ARA,30800000,14665137574,United States,https://yt3.ggpht.com/Ypavaq_J5W2no7mbI4MPHWw83AKDUF2b-ljjOmlrvr67ry1_ycrB95yq04RP3prc_LYXUFs=s800-c-k-c0x00ffffff-no-rj
100,UC9trsD1jCTXXtN3xIOIU8gg,WB Kids,30500000,14665638252,United States,https://yt3.ggpht.com/R2KYxsEnGbM3nEp_VzD0dA8zkn_APB6Kil0TOCWQpNR5RcfcSOt9DYnT0MgbckxWfeNEpj3CvA=s800-c-k-c0x00ffffff-no-rj
101,UCVp3nfGRxmMadNDuVbJSk8A,Wiz Khalifa,30300000,16087931276,United States,https://yt3.ggpht.com/LZwX8hX3grUXHDAbNxoMmsCqHUUAmfhKRbAJQbIcuHxdZ6SHVa7rKxZe9nDTVGCl8vxzj5zWkw=s800-c-k-c0x00ffffff-no-rj
102,UC3339WgBDKIcxTfywuSmG8w,ViralHog,30200000,40085306898,United States,https://yt3.ggpht.com/Yr7ez2tBDzqsxDUUz6FihFjIa3gznt_mtknbML6iD_x4lM0GjoTywMuhu0cXtXhzBCkOgYmFIMM=s800-c-k-c0x00ffffff-no-rj
103,UCa10nxShhzNrCE1o2ZOPztg,Trap Nation,30200000,15077538303,United States,https://yt3.ggpht.com/B9PvKoXIC5DaigXMDusTLIJqJECcsbAZV_5n4krUMGyJQAPVLE-bHwtTGuz7Uo7eBIVo5Mgjlnc=s800-c-k-c0x00ffffff-no-rj
104,UCl_P0sCqxOdQpMwuajdXkRg,Diana and Roma EN,29900000,11143950878,United States,https://yt3.ggpht.com/iz3ozFbBkxSAHwpTkSYTUQ_5w5IMiBFk86MRopcdzm0euRdSfCHxReRQR3KBBziISxUevXE0Dg=s800-c-k-c0x00ffffff-no-rj
105,UCoookXUzPciGrEZEXmh4Jjg,Sesame Street,29700000,31170616933,United States,https://yt3.ggpht.com/UqIbNSghcysIlsbnGUxGMcY1Me7_bJ_zCrjz1oy9PueZVo63d1CnIk1tz8sAmTMNX9ojl4MhDQ=s800-c-k-c0x00ffffff-no-rj
106,UClQubH2NeMmGLTLgNdLBwXg,ZHC,29300000,4007076962,United States,https://yt3.ggpht.com/WekK3CDw-f_QRg5covVbkGRgLRM4fKMTinyYFJVXWKF_M552RP2lGmJ60bbWr24ddKiM0OKk=s800-c-k-c0x00ffffff-no-rj
107,UCAiLfjNXkNv24uhpzUgPa6A,Beast Philanthropy,29300000,1270091722,United States,https://yt3.ggpht.com/GskFAiD8zDR_8ac8qF4DjPwAl4RBwFZEU4EOrX_iK9_YpocbmrAKXF7AlKGmgoJ_3u62YDVkbDc=s800-c-k-c0x00ffffff-no-rj
108,UC5ma-WCc8jNCV0WyRnfbHTg,Diana and Roma HIN,29100000,13667793551,United States,https://yt3.ggpht.com/A4lWLYvtmngFqhYxvQ_1uwk6n3Q6m8NXezcpYpARwlX1H0nzvMA0rfD1FoSuEeZPoC1WHAHJ=s800-c-k-c0x00ffffff-no-rj
109,UCilwZiBBfI9X6yiZRzWty8Q,FaZe Rug,28900000,10571163994,United States,https://yt3.ggpht.com/KN9ZJ9iHcPcKGokxLlwTPhdWU6wPrTe7Lf_7g2lXhjpX6fc4240zD4uus5jP3LWrzgPPziDE=s800-c-k-c0x00ffffff-no-rj
110,UCNQAoLEv87L7NgUp4We3HIg,CRAZY GREAPA,28800000,30804598210,United States,https://yt3.ggpht.com/ytc/AIdro_nrSMu7uOrLGJFdRXb4A5nLEKTGSH6UZji5OqQK12k=s800-c-k-c0x00ffffff-no-rj
111,UCeLHszkByNZtPKcaVXOCOQQ,Post Malone,28700000,20214549036,United States,https://yt3.ggpht.com/CYKmEPOqcWMzKWbANlT9ok3-mkYxdiAMCh-YaXW8a19qfuT4ZQEar0OkIa8Rkd1tFSQO1Yq3bDA=s800-c-k-c0x00ffffff-no-rj
112,UCxHoBXkY88Tb8z1Ssj6CWsQ,SOMOY TV,28500000,20664240515,United States,https://yt3.ggpht.com/HIVp56M09fDcVPKGpRXkl47xJcG7JGV5Mwn8E_7TlwmPgjgg1MQ7t_oxiy4xkmgo5fmWxilY3yU=s800-c-k-c0x00ffffff-no-rj
113,UC0NkSnlCOhoODbykzZwpiDw,albert_cancook,28400000,26079014580,United States,https://yt3.ggpht.com/_MoSKPOsCnW10PuJN7htONrLTrem_KpmTn32jqXKrWLX7_uvIOE7r_N2Zut62qH8f35W7gHz=s800-c-k-c0x00ffffff-no-rj
114,UC3I1iohrGzxep0p8r1Osw3w,Like Nastya AE,28400000,14832589246,United States,https://yt3.ggpht.com/qvwBIzitMWciZTsjC9JIVODBUwfautHHQVLxyBLeetTGPMGuyw1Mqn9fhAqcILxqamUbmWey_MA=s800-c-k-c0x00ffffff-no-rj
115,UCP9MW9ATjUwwulqEYTbp-Mw,Vlad and Niki Arabic,28400000,13719502176,United States,https://yt3.ggpht.com/ytc/AIdro_mM4or0BgmCk6uIq6yM5-8jTPsjdq_GXPIW98qTQ4BeZV0=s800-c-k-c0x00ffffff-no-rj
116,UC3jOd7GUMhpgJRBhiLzuLsg,Nicki Minaj,28100000,12624369816,United States,https://yt3.ggpht.com/50YeejQslEmP9_pNJHm3SGYRHRuVMuGafgsyrm2AjRNOE8P0bcIsDMA371xebxsd2zMQedm0TA=s800-c-k-c0x00ffffff-no-rj
117,UC1l7wYrva1qCH-wgqcHaaRg,David Guetta,27800000,22975942731,United States,https://yt3.ggpht.com/ytc/AIdro_nVKPoGkfw44ICB715GPlzNDsmqZdlwewB1QGa9K4vD94o=s800-c-k-c0x00ffffff-no-rj
118,UCMEVZK5J38upc4XiRO3sqWQ,NuNu Tv - Nursery Rhymes ,27800000,22523752829,United States,https://yt3.ggpht.com/iLzm9sY3MDgRN_cmVWRXixikHZu51a8BWsD1ri_tdNCiEGl9NynNc-PNb7qxuGazthxAYndfIA=s800-c-k-c0x00ffffff-no-rj
119,UC-yXuc1__OzjwpsJPlxYUCQ,WORLDSTARHIPHOP,27700000,22146432409,United States,https://yt3.ggpht.com/ytc/AIdro_mloRM0bI1pn66R7WBMhq99FWJJ1VhADmRHh-c4GNlZaIg=s800-c-k-c0x00ffffff-no-rj
120,UC2xBh2nwvOwBqnA1tEbPCZw,Pink Shirt Girl,27400000,15304275008,United States,https://yt3.ggpht.com/sUb4_OuVdEpZW2iPyQcL12O5FRwLDt6Y3X15MPGi28lLpFLGbv-PFu56d8c_A245cl0PNnu0DQ=s800-c-k-c0x00ffffff-no-rj
121,UCAuUUnT6oDeKwE6v1NGQxug,TED,27300000,3130478487,United States,https://yt3.ggpht.com/ytc/AIdro_koIFcCOrvh0KThLNOiazAIDu6hcs8bjkGNwe1f6A_OYm8=s800-c-k-c0x00ffffff-no-rj
122,UCBBZ7No0AzEJ3qiatjSa-mg,SMOL,27200000,28628971854,United States,https://yt3.ggpht.com/QSq4dqpufwELLxjadoLE8CghxJ12tfu4vGUM8t2YiwztzAyYtPvSKN59nH_lEd02vPQfnQ3L2Q=s800-c-k-c0x00ffffff-no-rj
123,UC5PYHgAzJ1wLEidB58SK6Xw,Blippi - Educational Videos for Kids,27100000,23689808497,United States,https://yt3.ggpht.com/t_0zKAbFUTLdh3JwAEahKAd-su7ZJ9T1jBkwdtKr24Wsq7MzxbWWjVRFH2D5WQQQ0GYn8i0MVQ=s800-c-k-c0x00ffffff-no-rj
124,UCY30JRSgfhYXA6i6xX1erWg,Smosh,27100000,11324650859,United States,https://yt3.ggpht.com/7WiYNRhekvu81d3UeA1LUmuUmpkienqw-Kfsh7tvCEqWARB6ozpqs4XhZ5w-RdPGcaopLK7KYw=s800-c-k-c0x00ffffff-no-rj
125,UCNcdbMyA59zE-Vk668bKWOg,Disney Jr. ,27000000,31222643143,United States,https://yt3.ggpht.com/ycmH6u_8GXdVOSwL8K8D0QSLxzoJvd6yiRORWT0QYosXdtBBOkqQdXTR4DS6kDHd-U49Z3dcpHY=s800-c-k-c0x00ffffff-no-rj
126,UCqOwcxgDCjnHNgMt9A3Ua8w,Diana Belitskay,27000000,28061141253,United States,https://yt3.ggpht.com/LuISwINk46heUDL0p6IF8Q5WYELSB8Wh7r41TKoiLHzB0fH7n7G3NO-olf1LODPnaGuDMsHUAJA=s800-c-k-c0x00ffffff-no-rj
127,UC50vBAtklUoJF1Wx5q0pmuw,Maya and Mary,27000000,9060788525,United States,https://yt3.ggpht.com/ytc/AIdro_n6NcdE0x2_CmS9k9XoD4XBl-yBuyP5oYJ-N7upqwTT8_8=s800-c-k-c0x00ffffff-no-rj
128,UC_hK9fOxyy_TM8FJGXIyG8Q,Dhar Mann Studios,26900000,19583623655,United States,https://yt3.ggpht.com/doh5alwBXzBdi8PXAq4S7vgKsL5IKsKCNjMG7AYDStbrja1rRgUBMo9SnpHx_xGMiRxp6L9Zhw=s800-c-k-c0x00ffffff-no-rj
129,UCYzEMRKqrh01-tauv7MYyVQ,MSA,26500000,12956290141,United States,https://yt3.ggpht.com/KsZapiJQrDwoR-jdfFfPx37_WPDP3T03P_FfNc9pJSKTWEHv6b1SA6WGPYx9whoS0LGCXjv8xQ=s800-c-k-c0x00ffffff-no-rj
130,UCb06IKdt8yeJDhqUct0z-gQ,ANYA KOVA,26400000,26180424491,United States,https://yt3.ggpht.com/ghfxLrGYLQZs8--qLRmTN_ZeMufQY8-z2uHZzVG7SLyb7m8Lsh-W-kAfNKlXsRDguB7NqgbsUQ=s800-c-k-c0x00ffffff-no-rj
131,UCvYhgH0hXziSz9IyPztzUug,Eva Bravo Play,26400000,13942770051,United States,https://yt3.ggpht.com/ytc/AIdro_n_x2t1hs44jgaYhSikVwc0_QLRZVRYrXZ6PCwfQeJdKok=s800-c-k-c0x00ffffff-no-rj
132,UCKqH_9mk1waLgBiL2vT5b9g,VanossGaming,26000000,16869861976,United States,https://yt3.ggpht.com/ytc/AIdro_mrzXEes8j0Li9x1M2wO0dif1mW10t_lmgrDcxllRfaJNE=s800-c-k-c0x00ffffff-no-rj
133,UCpVm7bg6pXKo1Pr6k5kxG9A,National Geographic,26000000,6901280139,United States,https://yt3.ggpht.com/lSalOZV0QHCVcSJI8962l2HrEscpczQFXmyAoSI6stkw2pAyNJlhcK26P-npagYfWb27MzxmMw=s800-c-k-c0x00ffffff-no-rj
134,UCCgLoMYIyP0U56dEhEL1wXQ,Chloe Ting,26000000,3484342748,United States,https://yt3.ggpht.com/ytc/AIdro_n_1ODQx19XQ6G29JytVGt1maDNJEzakv_Lz24UVY60gZE=s800-c-k-c0x00ffffff-no-rj
135,UCF5Rp2ghzXsX6vwYqa7aepg,Fabiosa Best Lifehacks,25900000,21023936232,United States,https://yt3.ggpht.com/g9YIHarU8-wUSH5lnFRNg9e9RBT9EHv21rlP7r10lHwmpALsDzt-jiSkVzBxTUyDBQjK3Hz1hA=s800-c-k-c0x00ffffff-no-rj
136,UC_hSjGOO67A6gIDUcyuv_8A,Infinite,25700000,6512769311,United States,https://yt3.ggpht.com/WUoD-58tAZ4D4UUxUDWWn2efsxH-giuSF33WGBYKEgTxQ2LxleW_x5RCsH4ThqRIA--oVoeOww=s800-c-k-c0x00ffffff-no-rj
137,UCEnqwW6f7bYidXHAI13hhMA,Jake Fellman,25600000,18095375715,United States,https://yt3.ggpht.com/ytc/AIdro_lxjmJnoaChGN_jB7RW8TFSKNfrWEILhrnKHN3BQxPrXyE=s800-c-k-c0x00ffffff-no-rj
138,UCTKnHCDLYqEigBOjlLG18Ww,LOL,25500000,5907220257,United States,https://yt3.ggpht.com/oubsfpwCbcjXoajC1DD0Oxf364_xeOnWYZvvVKynAv_KfCcS7c_8otxxQJv31FH8q7l58YoDig=s800-c-k-c0x00ffffff-no-rj
139,UCke6I9N4KfC968-yRcd5YRg,SSundee,25300000,17022989644,United States,https://yt3.ggpht.com/ytc/AIdro_m8dGmeU2bqMcUcJqK6j_CNescTudYadR4uWPsL9U62qlQ=s800-c-k-c0x00ffffff-no-rj
140,UCC-RHF_77zQdKcA75hr5oTQ,FGTeeV,25200000,26008253064,United States,https://yt3.ggpht.com/8lYzEQAP23681vKEG0ahOTlsM6kBwvq8fNDWgNzhq8cYTlPcBVWGZifL6huG9M_3AedplOvpjlQ=s800-c-k-c0x00ffffff-no-rj
141,UCANLZYMidaCbLQFWXBC95Jg,TaylorSwiftVEVO,25200000,0,United States,https://yt3.ggpht.com/HFEgZENJw23LuRb0ldBpDrQKscFUWSf4n2jqrNh-1EqpE3Uiy_IYwacuUXCjCruNUP3Ttq9N=s800-c-k-c0x00ffffff-no-rj
142,UCjmAh2qxmvWdH3xNPbg0IUQ,Jason Vlogs,25100000,18023370775,United States,https://yt3.ggpht.com/ytc/AIdro_nAFhIzogDD2jxU6NWvbBkncrF3FiApABVDUyysHrpDk7Y=s800-c-k-c0x00ffffff-no-rj
143,UC_x8HoD18XJkILQBreVENUQ,DJ Snake,25100000,10607605465,United States,https://yt3.ggpht.com/vUncCe04euVTz5zk7vQTn2a_4FYBvTgDsNTkptWrYbiHm0UdaH2hdGeD6fd5E0T8YtSU9XXq=s800-c-k-c0x00ffffff-no-rj
144,UCZU9T1ceaOgwfLRq7OKFU4Q,Linkin Park,24800000,20940790214,United States,https://yt3.ggpht.com/OtUf050j6w6iRPUmGgmzblD2saluxUusxiVmo0-SMUnWiNKwR89JL_-xJ6JvIEram8UbPT_zDA=s800-c-k-c0x00ffffff-no-rj
145,UCzYfz8uibvnB7Yc1LjePi4g,Aphmau,24700000,28902514492,United States,https://yt3.ggpht.com/ytc/AIdro_kGFsd6S-kWwQvx_DobbU5MCwPc6Rvec6-fDVnjqiEW8mI=s800-c-k-c0x00ffffff-no-rj
146,UC2xskkQVFEpLcGFnNSLQY0A,RihannaVEVO,24700000,22415173951,United States,https://yt3.ggpht.com/qMCGjRaKKRar82KzcIWdUoLbJ03aW2K2sEf-m4GaB7JwLshoHOZHvkxLRXsZVgpKvqCXVhKCWg=s800-c-k-c0x00ffffff-no-rj
147,UCpb_iJuhFe8V6rQdbNqfAlQ,NickyJamTV,24700000,18405087666,United States,https://yt3.ggpht.com/fOeZIdTkRvQbeY4es7h-TAU5CzDLG3_Gif82nEJzZbk_rbk9JxqZuCvg1oUwL3BxnsaHE9BP=s800-c-k-c0x00ffffff-no-rj
148,UCpZ88DWlKW0H_AYDaUZptcw,Ninja Kidz TV,24500000,14388841795,United States,https://yt3.ggpht.com/ytc/AIdro_kq7z9RapLdnSymMLH6lWlj2LJ07bXcfcnNmPw7A31rP8Q=s800-c-k-c0x00ffffff-no-rj
149,UC-8Q-hLdECwQmaWNwXitYDw,KatyPerryVEVO,24200000,26466792938,United States,https://yt3.ggpht.com/dRQl_GlYLxMZJ4UwtVqkBfh8XkAnu_E_DQK4DPNUzLLDxP9wj53MPsDFWk0vJBVgm4w3Fk9nIyY=s800-c-k-c0x00ffffff-no-rj
150,UCiYcA0gJzg855iSKMrX3oHg,CoryxKenshin,24200000,9776363912,United States,https://yt3.ggpht.com/ytc/AIdro_mLkQYpmL7WNNEHOzLZGIrFuEZZluLQkKPfV5-_b1Ngl2s=s800-c-k-c0x00ffffff-no-rj
151,UCWJ2lWNubArHWmf3FIHbfcQ,NBA,24000000,17626842698,United States,https://yt3.ggpht.com/h6d3o-JtmkNvjgW8yWFe2Nu-fEjZH0vJzcRq9enXsq9JHBHlGPbS3-ycstebKvDMXGTzzzHM=s800-c-k-c0x00ffffff-no-rj
152,UCtylTUUVIGY_i5afsQYeBZA,Lyrical Lemonade,24000000,13049861352,United States,https://yt3.ggpht.com/o2ZSPC-h_UHQiqzWQYznqUK4X12f0XX2aT3CFQN2tUDuPgu7T6MVprLjI-gM-ZEi1gryt7b-yg=s800-c-k-c0x00ffffff-no-rj
153,UCucot-Zp428OwkyRm2I7v2Q,James Charles,23900000,4741586605,United States,https://yt3.ggpht.com/6WC8rRE_1ME7Sza7y-Z75g_wGahOKlyRevH2hOE9DNMrHM37ZYCmNGBnJpJWqhUpy0-c05xQcjk=s800-c-k-c0x00ffffff-no-rj
154,UCWwqHwqLSrdWMgp5DZG5Dzg,Troom Troom,23800000,10547465032,United States,https://yt3.ggpht.com/KxkUWubksdvmkXC6dKk_JuJF40McZgmDYWcclmNJHAuhDnZGpVA9-sdW75q9MTCZ-NE2z3yBfY0=s800-c-k-c0x00ffffff-no-rj
155,UC7TTtOQKMXTWWMtWQMIgVSA,Collins Key,23800000,7011150148,United States,https://yt3.ggpht.com/ytc/AIdro_lOvufT3MD1ApJ1VofDIDWgf4mKgHzyCD46nk2Wte3iDXw=s800-c-k-c0x00ffffff-no-rj
156,UCq8KR1lnewd5ZPx9_XKoubg,Johny FamilyShow,23700000,12517730034,United States,https://yt3.ggpht.com/ytc/AIdro_kzHGDKQsRkW7HhiWwe5CTnGfvy2J2jT6MoHWxuhU40TSk=s800-c-k-c0x00ffffff-no-rj
157,UCG8rbF3g2AMX70yOd8vqIZg,Logan Paul,23600000,6153325942,United States,https://yt3.ggpht.com/ytc/AIdro_ltcpgwsF77fVG5xlQpHtPczqs4j60VkUzbtBrDBP_8QFY=s800-c-k-c0x00ffffff-no-rj
158,UCAW-NpUFkMyCNrvRSSGIvDQ,Ninja,23600000,2783858162,United States,https://yt3.ggpht.com/U1fckzNGBn8FcM29b2TkMMzWPb_AZaFFme90rACZA_rux_aZczVzDMLpTkmu1GroycEcbcgM=s800-c-k-c0x00ffffff-no-rj
159,UCyxbZF7_PK4nLiexj0kkCNg,Romeo Santos,23400000,23672336850,United States,https://yt3.ggpht.com/EWxnSz9HFyOx6xoTpilyim0ilR9kcy0Okr3JIvqNtfRHMUm2qJQwJSDjBBWpz4k1gOsQkNs4=s800-c-k-c0x00ffffff-no-rj
160,UClZAOlfhJQJRym39WoAPxdw,XO TEAM,23200000,20434766416,United States,https://yt3.ggpht.com/xg94l66YLc_opJc1oNrg24i9kkqYXpPvncQkpnaQXP3sK23NA-_Mq1ffboBP9CssyhyY_NySpWQ=s800-c-k-c0x00ffffff-no-rj
161,UCwppdrjsBPAZg5_cUwQjfMQ,Charlie Puth,23100000,12615185007,United States,https://yt3.ggpht.com/e2JmK7jFHAAm-11PF157N2nIy9pmnOiC0p14goxtAZiG7yHSENIcxvk54Oq2i1L-snCF_DhMlA=s800-c-k-c0x00ffffff-no-rj
162,UCF6jRAgCbSanHolKt0Vt6Qw,Tekashi 6ix9ine,23100000,7312119272,United States,https://yt3.ggpht.com/A7MQqSCOd9UzUutsE9431Dzkm7XzuuiEdtChP7xu2hyffTtmDjVK7-0p2g8PIpPorALtwi6neQ=s800-c-k-c0x00ffffff-no-rj
163,UCWrmbQy_KxoBTAHCU7HiErg,ARGEN,23000000,17845984563,United States,https://yt3.ggpht.com/xcE-Mo7vJYclD1attRSp3fW_X-xvGZzI7SDJZzq9uwb0eZLdfSoDnW0IOXsrvL6zxyDctsIkLQ=s800-c-k-c0x00ffffff-no-rj
164,UCq3Ci-h945sbEYXpVlw7rJg,The Chainsmokers,23000000,16916078062,United States,https://yt3.ggpht.com/42p-AOFHfIuZq8klay6fPQdF9Z_yo6ddFbuCgY8_Iq6Y1F7sjk4cJXnRQHWLLWCgi-ImLlNa=s800-c-k-c0x00ffffff-no-rj
165,UC0fvGpDXi7sV2hbgD-O47yw,Amaury Guichon,23000000,9591102291,United States,https://yt3.ggpht.com/ytc/AIdro_n9lXohUDqxSTQDUu2bszikngSB_ykzI7EhBU3GSYrs8ckB=s800-c-k-c0x00ffffff-no-rj
166,UCnwY6Zz-FjqJEeD1Vv6K0bw,LukeDidThat,22800000,10916783405,United States,https://yt3.ggpht.com/l1KSN-MkAFkxL5tANsMUAIpYH5YGz5Vvl-1SdhM7HwhSDsCSe0tr65jC3kwezbNcf3wosIc8ng=s800-c-k-c0x00ffffff-no-rj
167,UCXg4rJUbDP1IP3TmZ9KDpJg,Brianna,22800000,9238104360,United States,https://yt3.ggpht.com/ytc/AIdro_l_9syj7X4AfEd7dwqMu1Ti_v2ziQGyW0iORp8YyW_njg0=s800-c-k-c0x00ffffff-no-rj
168,UCy_WCbqwp5ZZ4zNwAyMChiA,Mini Katana,22700000,17543354656,United States,https://yt3.ggpht.com/NPCMfq_XMhZIAroBWzglsg9ZNF8EkjjANf5yP4-oaN-tfFG7Tlc4lVWHei7Lu_3jczsKvTYnJw=s800-c-k-c0x00ffffff-no-rj
169,UCTsPDENL6UTfdIExrWO2NlQ,Vlad y Niki Show,22700000,8690169681,United States,https://yt3.ggpht.com/6hpKimzVsGR8mr7RDOWxByEaIBoH77GuRLLo1EwidEM44Z9aXKBf4zxm21SbGEJsu7b3MOSxzg=s800-c-k-c0x00ffffff-no-rj
170,UCnmGIkw-KdI0W5siakKPKog,Ryan Trahan,22700000,5865771671,United States,https://yt3.ggpht.com/fiJrCXLTjjY531uelhbpUD21Cb0iMb6vF21M6-H7ZhjMZPe2cAkIeB9yWUHtENkFhq1F3oVbgg=s800-c-k-c0x00ffffff-no-rj
171,UCgtNC51EUSgcZ6kKyVoPxKA,Becky G,22500000,13664866166,United States,https://yt3.ggpht.com/gQ5FHtzZIlgRrGPKupgFb29pKvvLCtx_mV1o6hsOPlyqUhSMq3N5f1OCvPA5qknWGkTmV5Howw=s800-c-k-c0x00ffffff-no-rj
172,UCvC4D8onUfXzvjTOM-dBfEA,Marvel Entertainment,22500000,7129408180,United States,https://yt3.ggpht.com/k7BhK-hm9_MbJbaKznHPhir6e4pWXbm1ppAHoseLIzRgoAPBMmH1IIhYKlXbGono25RD1OQwHQ=s800-c-k-c0x00ffffff-no-rj
173,UCsooa4yRKGN_zEE8iknghZA,TED-Ed,22500000,4576604508,United States,https://yt3.ggpht.com/PKUi-Lc3VFjUfsIhjK3n-FJDNBf-XQLdg4G4bv4fPFF96D3MVnkbub9ePpLoWdmdFgl5I1Zd=s800-c-k-c0x00ffffff-no-rj
174,UCWlK0s4T4gyLavYiQTpSzKQ,Happy Monkey,22300000,0,United States,https://yt3.ggpht.com/rZMA1wgzS5N8HFswGhc7xWQmcpdj4OsPOTTpx5oKbxjbx7xACCvPD5313dmCsgnoWocMqJxXwg=s800-c-k-c0x00ffffff-no-rj
175,UCa6vGFO9ty8v5KZJXQxdhaw,Jimmy Kimmel Live,22000000,15363599797,United States,https://yt3.ggpht.com/ytc/AIdro_lhbMFP_RRAtTgX-58mKKhuVG_P-qESOBnMDiPE0vhJgEMm=s800-c-k-c0x00ffffff-no-rj
176,UCoV3-0I1wLIZqJyxXPlqx8Q,Savage Vlogs,22000000,13548594318,United States,https://yt3.ggpht.com/ytc/AIdro_nPZenuBsuXQ89LoEwVRCUWjhiRA8POJf6TFm9qgsGyPW4=s800-c-k-c0x00ffffff-no-rj
177,UCvgfXK4nTYKudb0rFR6noLA,UFC,22000000,11216290159,United States,https://yt3.ggpht.com/mECavVNoh2tn4Lku7JyVIN_RnW4-s2z5rEXWo41MVHmGjqUuJChPB0L2JYbHDZg5YL21OcId=s800-c-k-c0x00ffffff-no-rj
178,UCFAiFyGs6oDiF1Nf-rRJpZA,Technoblade,22000000,2081649730,United States,https://yt3.ggpht.com/ytc/AIdro_lrcAGP3htFIscbmyoevZ_YtEXgpuW1YvtnCs5PY4CK0NA=s800-c-k-c0x00ffffff-no-rj
179,UCfw8x3VR-ElcaWW2Tg_jgSA,Rebecca Zamolo,21800000,10136290179,United States,https://yt3.ggpht.com/Lo0hg1nOIahjHQTOa5ITXzgeOU3v6QPYQCPyOXeGI3zMerogVZ-PE7RtcCVH4Hb6IJw0KQsPjw=s800-c-k-c0x00ffffff-no-rj
180,UCjZ-Ekz7JDN6GDXwusvSHvg,Smile Family,21800000,9135395283,United States,https://yt3.ggpht.com/c9MVuNauVTswCvPNztQ5kXNWBnFnpqvnfrAeG2XK2ECV9dbuyrCWTTeaddHJkPo9WnpmT5EL=s800-c-k-c0x00ffffff-no-rj
181,UCau6-7svf1fw2QCUJDj68eQ,Smile Family Spanish,21800000,8532745667,United States,https://yt3.ggpht.com/gmiefkiHbWiE6mgDoHxgP1GY-57Tmz38CU-6-GPXFH7lyts0EdbyY5Q39RyeOIt_6ehHPk6WxA=s800-c-k-c0x00ffffff-no-rj
182,UC6E2mP01ZLH_kbAyeazCNdg,Brave Wilderness,21800000,5439297265,United States,https://yt3.ggpht.com/dbP9QOhF_88VkEb5l_tNo_RfwmwC0HYWyzuxVjMzKwirWz-C9tJSX-8HuQM7I74NR-FMdtuI=s800-c-k-c0x00ffffff-no-rj
183,UCyN5DOHow5Rhxu2aYIoQ2Qg,XDSchool,21700000,9313300008,United States,https://yt3.ggpht.com/ytc/AIdro_nwPe75WAcmX8r7aal59blQjjxph9qBFhNTTdie09VKmdE=s800-c-k-c0x00ffffff-no-rj
184,UCoxoYSL3rFXB7JSELiI5V1w,Vlad and Niki ARA,21500000,10077429183,United States,https://yt3.ggpht.com/ytc/AIdro_mjoJKkMvaBfIdJ3Iu6Bf0WvNmHXncgnmYrEOF-kKB--YA=s800-c-k-c0x00ffffff-no-rj
185,UCelMeixAOTs2OQAAi9wU8-g,CookieSwirlC,21400000,8813620413,United States,https://yt3.ggpht.com/RiB3oxxIn6Pf6kqpr12mQzGonzLj6dBE0Tn-cNuqMkMYT7mm4FHI9CsnnnK47hBp2mAGmXM-dw=s800-c-k-c0x00ffffff-no-rj
186,UCJFp8uSYCjXOMnkUyb3CQ3Q,Tasty,21300000,6306121335,United States,https://yt3.ggpht.com/CfYIjL1dN06jrOxVxw4ElFs_0ShkZw9WpFmfkgoEx_-tdmG5Iv6CtlFmi3L-jkTmvTKfBXtMoMw=s800-c-k-c0x00ffffff-no-rj
187,UC7u9o8BHiJyH2_cef_nC7tQ,Dental Digest,21200000,13455325200,United States,https://yt3.ggpht.com/ytc/AIdro_lNkT5JFYcLFG1cluUGgZz-43wLF3e-vNl2Fgk8D3yn8bk=s800-c-k-c0x00ffffff-no-rj
188,UC_k6e2PPDUnxEdMJC9Q044g,Adam W,21000000,19259691365,United States,https://yt3.ggpht.com/buX9y9Ml0MixrkSl5kyMVKskdu9GRS3wf2a8BGbFY4mE5QWOrIkaDMX8i_OlnjRwwlFqQDvYKA=s800-c-k-c0x00ffffff-no-rj
189,UCobCsXaWsPawN22tXWH0cbw,GuiGe,21000000,17817955528,United States,https://yt3.ggpht.com/kyuAmJaoJ2Yt32hhHryZneEPvWx4m1-6pY-rDoIjkryLob8_Z6sOwOQevn_rge6PZzmQyje2=s800-c-k-c0x00ffffff-no-rj
190,UCBJycsmduvYEL83R_U4JriQ,Marques Brownlee,20900000,5342422897,United States,https://yt3.ggpht.com/qu4TmIaYUlS41-dJ9gZ7DUR3nilvmB5_11i6OKSdvNnBNiyOusZP1bMN6ICnuxtjFBb6ioKgRQ=s800-c-k-c0x00ffffff-no-rj
191,UCdC0An4ZPNr_YiFiYoVbwaw,Daily Dose Of Internet,20700000,17145586492,United States,https://yt3.ggpht.com/ytc/AIdro_mVwCEqEf7Z9yboWxEOFXZMQWIRWMmgZy8ILLAj8_VnOfo=s800-c-k-c0x00ffffff-no-rj
192,UCKtWpU7qXe9FxBPQwU7_W4g,Like Nastya Collections,20700000,11190019603,United States,https://yt3.ggpht.com/Wzff10g8IXwV9z5mpZCb-amBdPSLuxr1Hs5-RlSki0E92jDflmVxroDk0Vvnq50_JvexrSUtvA=s800-c-k-c0x00ffffff-no-rj
193,UCVAYy7_zddIx6USjXscV9Vg,Caylus  ,20700000,8520805048,United States,https://yt3.ggpht.com/kblANfSEZOqoxF7ksSS978scYK8_x8dnlVwTLzCOOAZTTeQS9tg-EGrSbtiJ7FeJ721qdDtHMLA=s800-c-k-c0x00ffffff-no-rj
194,UCo8bcnLyZH8tBIH9V1mLgqQ,TheOdd1sOut,20700000,5673930627,United States,https://yt3.ggpht.com/ytc/AIdro_mxpQ2hfudhflswgM8pZg22Jn_bgaQV0gIpUqYQW4z9Av8=s800-c-k-c0x00ffffff-no-rj
195,UCSAUGyc_xA8uYzaIVG6MESQ,nigahiga,20700000,4422794279,United States,https://yt3.ggpht.com/ytc/AIdro_nMUN37skTBXBLde59aWMknwocv8-yZazE3Q_vUPuBSGJY=s800-c-k-c0x00ffffff-no-rj
196,UCqFhfan_P2AmGVB1X2B-3Aw,Farruko,20600000,12973893083,United States,https://yt3.ggpht.com/1fkBtK21oJ-naJ2UKKt9DZilyB08urtaIRvuocOxeG4K9opeZhrleMXr6O3zJZiUehQAGxg8LwU=s800-c-k-c0x00ffffff-no-rj
197,UCRR3vpGoVKF3q_vZI7mCfjQ,Marusya Outdoors,20600000,9608575383,United States,https://yt3.ggpht.com/JNVo_OhRKlrCe4lTIehltRomjHGhAwADSeliVky8KSpwqfeaZ2Y7QCCUiOPVIfFt6XLzCwNE=s800-c-k-c0x00ffffff-no-rj
198,UCHnyfMqiRRG1u-2MsSQLbXA,Veritasium,20600000,4172487117,United States,https://yt3.ggpht.com/7vCbvtCqtjQ3YLgsJt7Y952MQV1sBvhllSCSxHP8_sVZdcPCBrITfhkN2RdyCuwPnsByq-1GoA=s800-c-k-c0x00ffffff-no-rj
199,UCE_M8A5yxnLfW0KghEeajjw,Apple,20600000,1031587396,United States,https://yt3.ggpht.com/s5hlNKKDDQWjFGzYNnh8UeOW2j2w6id-cZGx7GdAA3d5Fu7zEi7ZMXEyslysuQUKigXNxtAB=s800-c-k-c0x00ffffff-no-rj
200,UCg4eCrQji9aEN0Yxr4gYKmA,SuperHero Kids,20400000,9916199746,United States,https://yt3.ggpht.com/ytc/AIdro_kkeO3pJ8itBEK_wuGAfiRgqAkEGfc9CG_zygPESFrZCok=s800-c-k-c0x00ffffff-no-rj
201,UCF4ac11ECYOvxx6VRRNoWcA,Glebo,20400000,5911946994,United States,https://yt3.ggpht.com/6M-CxErm-yvpcuD7f-FGGxOHXB-VXAsBY-o7LhpnWE5yzgiMuqkaLBMzPTtlxpUxBZw1KXuBxQ=s800-c-k-c0x00ffffff-no-rj
202,UCppy4jafHu51iCMl-7qVbFA,Влад и Никита,20300000,12095508096,United States,https://yt3.ggpht.com/ytc/AIdro_mzda0UwGEoJGz0drayKLzM659Y7yPMgL5CffoVJZjBArs=s800-c-k-c0x00ffffff-no-rj
203,UCUAL--p3qAa27luR0IYbjZA,Pencilmation,20300000,12020916998,United States,https://yt3.ggpht.com/ytc/AIdro_noispUJmQsEudbEjhZqXaAMZg5FczbQBodKPuo7pYiDi0=s800-c-k-c0x00ffffff-no-rj
204,UC0v-tlzsn0QZwJnkiaUSJVQ,REACT,20100000,13769846400,United States,https://yt3.ggpht.com/gArfrWy0dYo1JMgBhA8HofkvOImzx6DpdTfA5BMNC9n9rOsfCif-aTM6vtD3B-Q-4sm-_FD1ybw=s800-c-k-c0x00ffffff-no-rj
205,UCnBDsZLdYSU5jJttrDvn2yQ,Ethan Funny Family,20100000,12412978094,United States,https://yt3.ggpht.com/1zKh5K55P5MYQR04p_ZSBruYnbCJAL0LETrEOM-xmI4V0UczuhBRxAUUgBY6a9bSVaAvz31i=s800-c-k-c0x00ffffff-no-rj
206,UC3lBXcrKFnFAFkfVk5WuKcQ,Kendrick Lamar,20100000,11953707306,United States,https://yt3.ggpht.com/j1szYhuen1uT1D1icpjxHMFyBc0xINWK1eMtSzrB0TL5jliB7t3JB_wJ6UA9twV7VelxpKEc=s800-c-k-c0x00ffffff-no-rj
207,UC2etEuPIfohP4P53wM0KImA,5-Minute Crafts DIY,20100000,5228993677,United States,https://yt3.ggpht.com/dpw85Qj9vAdE4iX_yr0wUcoZkuBZqPBrlovIkePsgOzmywZdQeJpUQARG1to6mEEeqmUQlMtR-o=s800-c-k-c0x00ffffff-no-rj
208,UC26FEMwAAjj8jfNbuVdFMBQ,Dr Ryan,20000000,11994505728,United States,https://yt3.ggpht.com/8XsSINxf0myiTvCb-KByq8eLOQMDg7en6Mxdap1YlbddXyvyBypr5lCaSi98KJhSOCwD9z5gxQ=s800-c-k-c0x00ffffff-no-rj
209,UCn7dB9UMTBDjKtEKBy_XISw,Miley Cyrus,20000000,10799869820,United States,https://yt3.ggpht.com/QIiPjG7QOP1Ko-hoESnfDwC50kk123IXwhP75PLIkRVQ76B9jVYiYjocaI-JpxTiqtUHyySxrQ=s800-c-k-c0x00ffffff-no-rj
210,UCVi_GtP-1stDmhPuWCCQ5KA,Eli Kids - Cartoons & Songs,20000000,8926401412,United States,https://yt3.ggpht.com/ytc/AIdro_njfSblKWPsnVC-76o1NyiTGwq3bwEycmDNmAXm-7hWXKY=s800-c-k-c0x00ffffff-no-rj
211,UC57XAjJ04TY8gNxOWf-Sy0Q,5-Minute Crafts PLAY,20000000,6569263535,United States,https://yt3.ggpht.com/48s32ikifVY3rPWssd2KtXfCVdiCEraecjBiFzyEffLnh2R6wdbNJ7fm0THbRgn8hQBvV5_JcA=s800-c-k-c0x00ffffff-no-rj
212,UChK6a3Ro3po3fUfAm3_MyUQ,Jojo Sim,19900000,27490821544,United States,https://yt3.ggpht.com/ytc/AIdro_m2bUzNisPApozGOd1MVbxWmAqWt4r8F0jm8SLwi5uAHlc=s800-c-k-c0x00ffffff-no-rj
213,UCKy1dAqELo0zrOtPkf0eTMw,IGN,19800000,21225532403,United States,https://yt3.ggpht.com/M5xbpJc3JNKQuLgzHr0Qv_ZhjPVpUeSn1BaWhopQFyMGlQmBVY_0Mn5MIf-JWbxTKYZRS67_GcI=s800-c-k-c0x00ffffff-no-rj
214,UCpko_-a4wgz2u_DgDgd9fqA,BuzzFeedVideo,19700000,25938068659,United States,https://yt3.ggpht.com/FQRjWCifwITpxpp4EvfHUEUjUwtS_wrDwGEHzvUA3NlzRlxqb-cUpfBKizDKSt-iiGW4mtFl3Q=s800-c-k-c0x00ffffff-no-rj
215,UCwIWAbIeu0xI0ReKWOcw3eg,Unspeakable,19700000,12171556261,United States,https://yt3.ggpht.com/ytc/AIdro_l9fWjJ_HbQgKpYTpi5Y21Cwow2-m0OBsxwzXyf6CE28ro=s800-c-k-c0x00ffffff-no-rj
216,UCUYA9nNP2Pgz5RF_oMvnqdQ,Мирошка ТВ,19700000,5444957610,United States,https://yt3.ggpht.com/ytc/AIdro_la6zs826IR1QnbJynvIAysK-1H7Z66VDIJQakrHw7eDQ=s800-c-k-c0x00ffffff-no-rj
217,UC4PooiX37Pld1T8J5SYT-SQ,Good Mythical Morning,19600000,10877482391,United States,https://yt3.ggpht.com/YsVNKqTlkyemFpBrGo-nDMrNQJFqetG4tO7utqn8TNhr0B8544GxsH6XT8mzT45G35LWBQKfLQ=s800-c-k-c0x00ffffff-no-rj
218,UCo_IB5145EVNcf8hw1Kku7w,The Game Theorists,19600000,4680521514,United States,https://yt3.ggpht.com/8294ArF6-PoUBlvMwhrG6dk9bcwyY3YW44o92beMXwa5k6W3FOM9EbTT6uWQwHeEexn37gTjWA=s800-c-k-c0x00ffffff-no-rj
219,UCBi2mrWuNuyYy4gbM6fU18Q,ABC News,19500000,18108134246,United States,https://yt3.ggpht.com/GJ8V0NX6NddGh9bf4zED4tsjPjjBK2hdp5FWHMy09pV7sdSkkE3yEhCRSch4waEb9ZavyUrWfw=s800-c-k-c0x00ffffff-no-rj
220,UCLWvIB80ANqrEJhzYzfkgGA,Family Games Media,19500000,16413200187,United States,https://yt3.ggpht.com/aAENVbWsoMXiIFP1GpEvVMO4qET0uK4wGulnETirsYYRqIqVzFEmygvoYkXitUsUmv2PPZ5ORg=s800-c-k-c0x00ffffff-no-rj
221,UCwipTluVS2mjuhPtx2WU7eQ,Дима Масленников  ,19500000,3254207135,United States,https://yt3.ggpht.com/Nq1YdiBrSounSlRn5Aedrd2xOqqHI0JgmXOS6dGKVlTQO0cDEh-xJQJxhP6iDSxF4UoHK293wvE=s800-c-k-c0x00ffffff-no-rj
222,UCYHWzzX-4go1g1aB6xQkiIA,Oflow,19500000,8094595,United States,https://yt3.ggpht.com/zeIosyG0UDRLlF7m1tC4r8dpqIWl5R2nBIwFA3Z_sGXjur6pNDbAArzVq5pNJKK5zrKSivlxJw=s800-c-k-c0x00ffffff-no-rj
223,UCUhkLR2YOMtWF44kSb-TxyA,Family GamesTV,19500000,0,United States,https://yt3.ggpht.com/ytc/AIdro_nZfCLnM44mNUF7Crj4E-PgqfmlmAhJ-PV5eut_kfXa_yTwgefCrxm4i3Gyba6fyhYSEw=s800-c-k-c0x00ffffff-no-rj
224,UCupvZG-5ko_eiXAupbDfxWw,CNN,19400000,20356048369,United States,https://yt3.ggpht.com/wSqAf5WdxsGsl7ZMtlyfz3qKULo_URoFjmKky0gLThm_Jtu2wsVHMu-XzGZPAb-z8zeMBYUUMYA=s800-c-k-c0x00ffffff-no-rj
225,UChfTcl5XfdTUCjkfuro982Q,That's Amazing Shorts,19400000,7345352841,United States,https://yt3.ggpht.com/ROxy2I5rQWXNtbxiw1B0x1Pqe4LkCZn9M8tglK_g4RZpMRWYiXWCTK1M0bQYzN2_qedzvR1_XQ=s800-c-k-c0x00ffffff-no-rj
226,UCiuZ9qRr3mrykNmWcAPmJ0w,Vlad and Niki PRT,19300000,9055373254,United States,https://yt3.ggpht.com/ytc/AIdro_lSvRQZGgwsDqHLR5uF212Ipg-BhszavvccFyMELfui5UE=s800-c-k-c0x00ffffff-no-rj
227,UCvfZjIwNvVoTpWtH_ttoBfw,Diana and Roma VNM,19300000,8089433102,United States,https://yt3.ggpht.com/zJ2sn24jLcnRqz2ujW_lGoXyQ51CvpaoWhtVNCO3RqbH5lKvXaLwyc2_21npFTbJ5FPzOCuRMw=s800-c-k-c0x00ffffff-no-rj
228,UCqVXYi_LeGx2-eqH0G6wqaQ,Animal HT,19300000,4856499764,United States,https://yt3.ggpht.com/bI8nAPu921QdJIPj4XXB8Qnv7agg26ALe9-Srh2ja90gpcIrh3MI45BuR_M12LFctEOWi2vj=s800-c-k-c0x00ffffff-no-rj
229,UC0avk6i7f9ZYFfORXMgZxlA,웃웃TwinsFromRussia,19200000,11071365856,United States,https://yt3.ggpht.com/2gDFjY5rF9-8VZMUdWI_IsnN0X2BHsoH_us_tE5zpLkpR9sbTngSmI7mJT9i0DTXJYd681ifzQ=s800-c-k-c0x00ffffff-no-rj
230,UCGbHu0bRpEe1w1UhNJYS67A,janin al chair,19100000,13572136383,United States,https://yt3.ggpht.com/ytc/AIdro_k3rKjdt-0so7ZpDmWxr8T3vJYOErxr-PYOgRyaVEjsw_s=s800-c-k-c0x00ffffff-no-rj
231,UCn8zNIfYAQNdrFRrr8oibKw,VICE,19100000,5530128423,United States,https://yt3.ggpht.com/9AgWUnohXk3gFYvmvAZemlr1q6yd7NxHozeEqrPpJhYf9Crjrvqml0ulZ4PL4v38I4XDoLEhaw=s800-c-k-c0x00ffffff-no-rj
232,UC03RvJoIhm_fMwlUpm9ZvFw,Crafty Panda,19000000,1605271722,United States,https://yt3.ggpht.com/ytc/AIdro_kI-gjxVAiZh-LDX0ayqKKSQL-qIxrCG7qi3Q2IQNeTamk=s800-c-k-c0x00ffffff-no-rj
233,UC-F6LZSWz34xKknY8NNCzgQ,PDK Films,18900000,4381813618,United States,https://yt3.ggpht.com/ytc/AIdro_nwzm_xWzZfnTb-VZfx6ICLHTyDb6dKMJgNqcSeizDnRFY=s800-c-k-c0x00ffffff-no-rj
234,UCBIT1FSJW6yTlzqK-31FDWg,LIV Comedy,18800000,15463641589,United States,https://yt3.ggpht.com/Qi3u7QLgftChW2syz1StjCw5Z_jPhbCFfNZj1d7DjC_tPk2Qp8Ea6O_Kb-5_fRy4-PPjS9TAnw=s800-c-k-c0x00ffffff-no-rj
235,UCnbbGVLEKgBnwGxHro0eD1w,Bon Bon Media,18800000,12275628084,United States,https://yt3.ggpht.com/ytc/AIdro_mEZHvwRV0keWlWe2UghE8cXAaBJ4oGZBpTbw3Y2PtF4KjhE3lNuL5IOut58OWZDL5bag=s800-c-k-c0x00ffffff-no-rj
236,UCGt7X90Au6BV8rf49BiM6Dg,Ray William Johnson,18700000,14846384492,United States,https://yt3.ggpht.com/y_myu5CoUFndBkJ5sZFCiSoi-rM6UY-x-Wog6C7nl_6pgXt9M0Z-YPfVCHSvIYS5PlyRidhE=s800-c-k-c0x00ffffff-no-rj
237,UCgSMDG8aGE3YHfBCXHuPpYA,KatieAngel,18600000,4102764248,United States,https://yt3.ggpht.com/othZiOe9iQDbmQl7VSftArNkEHvQYC9LgpJOQ-0ble6DhkilHBcYJr55u9Qi055NvKjjqeZUGSI=s800-c-k-c0x00ffffff-no-rj
238,UCV9_KinVpV-snHe3C3n1hvA,shane,18500000,4435973187,United States,https://yt3.ggpht.com/dtFwwaEFch50cV1zeZcwW7IDfDF9A_xoKgimJiNTllttlXVbL-RYGN0HsanAdAAhIvJaEdnKcA=s800-c-k-c0x00ffffff-no-rj
239,UCSgue5Dm418CCUCZ-aeUtEA,im_siowei,18400000,21376083063,United States,https://yt3.ggpht.com/fG_nloVkeamLB2JEszHy7jw0zFCrPXjKF76OLYBlxHrRBclW85c-JIMtcjOlISZaMhM0NH8-Jto=s800-c-k-c0x00ffffff-no-rj
240,UCTyMSsycWpY1bQxeyF3ywUw,Fabru Blacutt,18400000,8726325428,United States,https://yt3.ggpht.com/BmhRJTe6pQERjTXPt2RUHJOKkCcEJaCFwcHZkcsEusJUbhvo4CY7MnWwXz-0XBkq2Y3qRCLBIQ=s800-c-k-c0x00ffffff-no-rj
241,UCINb0wqPz-A0dV9nARjJlOQ,The Dodo,18300000,16296838027,United States,https://yt3.ggpht.com/Q9aczRoVfhoZJMm0KeJVYg8iJFnFFBjLbYDf2IjiUcpMlD8Hab8UgLUPslWuY074rAWDhj28Hg=s800-c-k-c0x00ffffff-no-rj
242,UCGRdNfemQ7iXpacd75SE7rA,Diana and Roma IND,18300000,8780211406,United States,https://yt3.ggpht.com/hKZnRGm3zsq4h--2ZcHQvONENSCuSwL6wj8v_SvR1eHg31xB5Cdai_T20bJkREIHVIRK6afH=s800-c-k-c0x00ffffff-no-rj
243,UCyps-v4WNjWDnYRKmZ4BUGw,Airrack,18300000,4630585740,United States,https://yt3.ggpht.com/B6mcXnYXqha3Aaofo5J_jqP6XBUEW9GvMQMNGvwFN93UvNwF7kdlKNnxEQ5HBmYHpRq-SBogxg=s800-c-k-c0x00ffffff-no-rj
244,UCQZi2YXSxc6BSK4mZHql8ag,SportsNation,18200000,26051658285,United States,https://yt3.ggpht.com/F7eDOONACF-YK4nKQ9NMhcWV5o2Lj_IjbPeHqvwPZm-iHdq76hXJ4gwU7LGqp26tMIIxRoUv6A=s800-c-k-c0x00ffffff-no-rj
245,UC6ye474SJCiPsEPueO_b3Gw,With Kids[위드키즈],18200000,9814709461,United States,https://yt3.ggpht.com/ko53pPEBPS5WHA60aWjmUJ8UN2P6nqwn1DQkGEGEph7upfBo9AWALkuRzwvl5dOMqoS45h6c=s800-c-k-c0x00ffffff-no-rj
246,UCZkURf9tDolFOeuw_4RD7XQ,Demi Lovato,18200000,7952772296,United States,https://yt3.ggpht.com/FyDHPMVphY--_6Pm9S01jaHedRn_xQ-ZSxZ8Uqd4QRbwEPWRlhyXqRqs5fNWxza64vk2Pp5NOQ=s800-c-k-c0x00ffffff-no-rj
247,UCaUYEpZMc9SLaqb5oLxGOFw,Super Max,18100000,25155936078,United States,https://yt3.ggpht.com/c0dsZ_wvxObS-duarJaPDl5aIOTPGrVyq2Dxtw5c5EWrp-6tyu82JorpcFzgibro9rcGGVv4K04=s800-c-k-c0x00ffffff-no-rj
248,UCFwOAy34fL31Im7_udynwvg,MoniLina,18100000,20682946790,United States,https://yt3.ggpht.com/ytc/AIdro_mzZ3_svr8iH8dNVjUtzzolQhQ00of1dEu4o9Z_gNYgIg=s800-c-k-c0x00ffffff-no-rj
249,UCCPsBYxLUykj5xbgOGTRzKQ,JULIA GISELLA,18100000,8514965113,United States,https://yt3.ggpht.com/2n0OZs6fyMF6lvszolH4Pe5s-4koRhrWR7R2julWoeKwnAsLgUTS_6COm0CnGzuf5vIhLvepsNw=s800-c-k-c0x00ffffff-no-rj
250,UCkLebsCaMfjDkWSKctBH0Hw,The McFive Circus,18000000,14564106712,United States,https://yt3.ggpht.com/BVv0s9-IDDdTV1a2MpR2qqG-O4WTJLLkZDvc3qvV8XBYurWjdGMg2vXER7A-_aJRcPjotPqoIRE=s800-c-k-c0x00ffffff-no-rj
251,UCZ_r5HesKAr9EJInthnPSoA,pets swag,18000000,4624371551,United States,https://yt3.ggpht.com/qZmHN6zZ945w1aET2KP07o20sNAEMuSzD3ij9lAHinhNmJpsVQpKhSh8OjXSQAa7rqQvE96qM6c=s800-c-k-c0x00ffffff-no-rj
252,UCi9cDo6239RAzPpBZO9y5SA,Lele Pons,17900000,5659372626,United States,https://yt3.ggpht.com/SObOKHUMSz33ozfybEvUtNfETIFW67bfOczr0760Tv1K8UsAdq36wLJfmRTiKSKuCT8aDOPv4A=s800-c-k-c0x00ffffff-no-rj
253,UCqvS0UZpSh8ydVQ7TxGNOJw,FunFun Toy Doll TV,17800000,8056023824,United States,https://yt3.ggpht.com/ytc/AIdro_kWGfPEw35yPNz0jWOmqd8Xiy4fv6rvcFssEZhnK3Fy0Fg=s800-c-k-c0x00ffffff-no-rj
254,UCQ00zWTLrgRQJUb8MHQg21A,Come Play With Me,17600000,20919696423,United States,https://yt3.ggpht.com/ytc/AIdro_kykimzIFQ9sGp6jUx_8cxUHY9UvnE1Pv4k63ECfvYDuXU=s800-c-k-c0x00ffffff-no-rj
255,UCv8nzwVPQDRjkPCkEsOdEwA,Pitbull,17600000,15650947946,United States,https://yt3.ggpht.com/sKj_IpcX_Uh7pnkZGjlpdMRbKhSFHCg7c8MGLiHYV4ptVolVYY4PpxNbEjHlWOCKAG_FgMtywg=s800-c-k-c0x00ffffff-no-rj
256,UCr8RjWUQ_9KYcIPmWiqBroQ,Jennifer Lopez,17600000,12337235766,United States,https://yt3.ggpht.com/u0IEPhk-hqU3pbeBNAPf5EQRwQs2mnT1-3rRQaGt3pXhf6lhQgFk3j6LQfupRNV0iYIU4BeIQJw=s800-c-k-c0x00ffffff-no-rj
257,UC6pjHMC4QXMi4llCCjtDXWg,Lil Pump,17600000,4417711124,United States,https://yt3.ggpht.com/fZKqKQDZ815tJLIsxFg8GR031d0sO4k5r30_FDxilFKXIF8mkRYh7A2wsvOq7ee8Iotl942K1w=s800-c-k-c0x00ffffff-no-rj
258,UCqQo7ewe87aYAe7ub5UqXMw,House of Highlights,17500000,11656926895,United States,https://yt3.ggpht.com/4H5WXKVzgQdZM8zUHU_otJCbtU8F7EA62IbEgLt68SAaXUXr1Z2CHIZpyh9uHSDGYP6oW2nUyQ=s800-c-k-c0x00ffffff-no-rj
259,UCPDis9pjXuqyI7RYLJ-TTSA,FailArmy,17500000,4895001376,United States,https://yt3.ggpht.com/t6aznm976yemkpK7doWzAYALcZ8uLU2idK0TzEBnKM-WkELuZdg9A3VicBcicfUYciCf-yfrTA=s800-c-k-c0x00ffffff-no-rj
260,UCpzYfBXbEHHQHU2e89jM9Tg,Little Treehouse Nursery Rhymes and Kids Songs,17300000,9386954594,United States,https://yt3.ggpht.com/EfuZLtQDZpKyfK-k7Mw4XROWyiNabvf8mubBCyQGa2OxaUU4EbrvFxbbSkoTYWzzOiJDy6kVPw=s800-c-k-c0x00ffffff-no-rj
261,UCu0tjrzm4_n-9hkYSvlsC8A,Sing Along With Me!,17300000,8265445166,United States,https://yt3.ggpht.com/C-jUxykDrLuDK9WmM3Ns34X1ad06nu8AesCzv962zq333DRNkWjK7DSdudtWAHZ7nr-ENR_7xNI=s800-c-k-c0x00ffffff-no-rj
262,UCJZam2u1G0syq3kyqrCXrNw,PrestonPlayz,17300000,8164647157,United States,https://yt3.ggpht.com/ytc/AIdro_lsdcmmUcwdYIBXTz4H3bae3QalHQcbCHg9aJs6ve4HZZM=s800-c-k-c0x00ffffff-no-rj
263,UCctDQlR34dhq8p3vSKfh8dg,Nico_thepomeranian,17200000,16418800907,United States,https://yt3.ggpht.com/ExWGs6uBdsnDGREnmJI8GnK1wUleRZt5Uahn4vE-ttV2syjtZjLKwytwRg0GwnG63fgax7sVVw=s800-c-k-c0x00ffffff-no-rj
264,UCmh5gdwCx6lN7gEC20leNVA,David Dobrik,17200000,7528891885,United States,https://yt3.ggpht.com/ytc/AIdro_mXo8jFXweiMCFDYXbKTDDza0z1sJ3E_GuETLPVB-F-cF4=s800-c-k-c0x00ffffff-no-rj
265,UCgc00bfF_PvO_2AvqJZHXFg,Boyce Avenue,17000000,7347920485,United States,https://yt3.ggpht.com/0f6b25GYZzIwVFEHTdcZ0rsrhqNtJsi4BTRlxAFEHQovxUhlFQ12DTRBDp13fDvoKngkShDsEg=s800-c-k-c0x00ffffff-no-rj
266,UCX6b17PVsYBQ0ip5gyeme-Q,CrashCourse,17000000,2240798398,United States,https://yt3.ggpht.com/E454zI2spNFZsN_wgJPTHjMsqs1fFqb_qp4PYanWuyaXQJp98wKEV1kIQYlR57epaweO5P8v=s800-c-k-c0x00ffffff-no-rj
267,UC-2Y8dQb0S6DtpxNgAKoJKA,PlayStation,16900000,6103728614,United States,https://yt3.ggpht.com/uiQh9JC7wAmCl63jhNilJvAcqNbwnMmUf5FUCQBecipe6yGmUWpPvAMVixALEt6xpPOVbsouzw=s800-c-k-c0x00ffffff-no-rj
268,UCajrNVKvG2xVlVcSr3GcsDA,Telemundo,16800000,10460100993,United States,https://yt3.ggpht.com/WZacbtWNLdznCtQ5Au7EjtrVNmktZfQNiXOnIzTwllgNd1iRMhPITW-CQrGQjUVnS8IxN75UBA=s800-c-k-c0x00ffffff-no-rj